2026-10-01T12:35:19+0530  WARNING   [job:-]  Recovered 2 stale PRINTING job(s) -> FAILED
2026-10-01T12:36:08+0530  WARNING   [job:-]  Recovered 2 stale PRINTING job(s) -> FAILED
2026-10-01T18:21:41+0530  INFO      [job:-]  Starting Print Controller with printer 'EPSON L3260 Series', interval 5s
2026-10-01T18:21:45+0530  INFO      [job:-]  Claimed job 22f3ffab-2c39-496f-9693-55ec445b34ad (file: jobs/22f3ffab-2c39-496f-9693-55ec445b34ad/Gitopia_Certification_manoj_gowda_b_h.pdf, copies: 1)
2026-10-01T18:21:47+0530  INFO      [job:-]  Printing job 22f3ffab-2c39-496f-9693-55ec445b34ad to printer 'EPSON L3260 Series'...
2026-10-01T18:21:48+0530  ERROR     [job:-]  Job 22f3ffab-2c39-496f-9693-55ec445b34ad failed during printing: Print command exited with code 1: Start-Process : This command cannot be run due to the error: No application is associated with the specified file for 
this operation.
At line:1 char:1
+ Start-Process -FilePath "C:\Users\USER\AppData\Local\Temp\a4_kiosk_do ...
+ ~~~~~~~~~~~~~~~~~~~~~~~~~~~~~~~~~~~~~~~~~~~~~~~~~~~~~~~~~~~~~~~~~~~~~
    + CategoryInfo          : InvalidOperation: (:) [Start-Process], InvalidOperationException
    + FullyQualifiedErrorId : InvalidOperationException,Microsoft.PowerShell.Commands.StartProcessCommand
2026-10-01T18:21:49+0530  DEBUG     [job:-]  Cleaned up temp file C:\Users\USER\AppData\Local\Temp\a4_kiosk_downloads\Gitopia_Certification_manoj_gowda_b_h.pdf
2026-10-01T18:21:55+0530  DEBUG     [job:-]  Polling cycle complete: no qualifying jobs
2026-10-01T18:22:01+0530  DEBUG     [job:-]  Polling cycle complete: no qualifying jobs
2026-10-01T18:22:07+0530  DEBUG     [job:-]  Polling cycle complete: no qualifying jobs
2026-10-01T18:22:12+0530  DEBUG     [job:-]  Polling cycle complete: no qualifying jobs
2026-10-01T18:22:18+0530  DEBUG     [job:-]  Polling cycle complete: no qualifying jobs
2026-10-01T18:22:23+0530  DEBUG     [job:-]  Polling cycle complete: no qualifying jobs
2026-10-01T18:22:29+0530  DEBUG     [job:-]  Polling cycle complete: no qualifying jobs
2026-10-01T18:22:35+0530  DEBUG     [job:-]  Polling cycle complete: no qualifying jobs
2026-10-01T18:22:40+0530  DEBUG     [job:-]  Polling cycle complete: no qualifying jobs
2026-10-01T18:22:46+0530  DEBUG     [job:-]  Polling cycle complete: no qualifying jobs
2026-10-01T18:22:51+0530  DEBUG     [job:-]  Polling cycle complete: no qualifying jobs
2026-10-01T18:22:57+0530  DEBUG     [job:-]  Polling cycle complete: no qualifying jobs
2026-10-01T18:23:02+0530  DEBUG     [job:-]  Polling cycle complete: no qualifying jobs
2026-10-01T18:23:08+0530  DEBUG     [job:-]  Polling cycle complete: no qualifying jobs
2026-10-01T18:23:13+0530  DEBUG     [job:-]  Polling cycle complete: no qualifying jobs
2026-10-01T18:23:19+0530  DEBUG     [job:-]  Polling cycle complete: no qualifying jobs
2026-10-01T18:23:24+0530  DEBUG     [job:-]  Polling cycle complete: no qualifying jobs
2026-10-01T18:23:30+0530  DEBUG     [job:-]  Polling cycle complete: no qualifying jobs
2026-10-01T18:23:35+0530  DEBUG     [job:-]  Polling cycle complete: no qualifying jobs
2026-10-01T18:23:41+0530  DEBUG     [job:-]  Polling cycle complete: no qualifying jobs
2026-10-01T18:23:46+0530  DEBUG     [job:-]  Polling cycle complete: no qualifying jobs
2026-10-01T18:23:52+0530  DEBUG     [job:-]  Polling cycle complete: no qualifying jobs
2026-10-01T18:23:57+0530  DEBUG     [job:-]  Polling cycle complete: no qualifying jobs
2026-10-01T18:24:03+0530  DEBUG     [job:-]  Polling cycle complete: no qualifying jobs
2026-10-01T18:24:08+0530  DEBUG     [job:-]  Polling cycle complete: no qualifying jobs
2026-10-01T18:24:14+0530  DEBUG     [job:-]  Polling cycle complete: no qualifying jobs
2026-10-01T18:24:19+0530  DEBUG     [job:-]  Polling cycle complete: no qualifying jobs
2026-10-01T18:24:25+0530  DEBUG     [job:-]  Polling cycle complete: no qualifying jobs
2026-10-01T18:24:30+0530  DEBUG     [job:-]  Polling cycle complete: no qualifying jobs
2026-10-01T18:24:36+0530  DEBUG     [job:-]  Polling cycle complete: no qualifying jobs
2026-10-01T18:24:41+0530  DEBUG     [job:-]  Polling cycle complete: no qualifying jobs
2026-10-01T18:24:47+0530  DEBUG     [job:-]  Polling cycle complete: no qualifying jobs
2026-10-01T18:24:52+0530  DEBUG     [job:-]  Polling cycle complete: no qualifying jobs
2026-10-01T18:24:58+0530  DEBUG     [job:-]  Polling cycle complete: no qualifying jobs
2026-10-01T18:25:03+0530  INFO      [job:-]  Starting Print Controller with printer 'HP LaserJet Professional M1136 MFP', interval 5s
2026-10-01T18:25:03+0530  DEBUG     [job:-]  Polling cycle complete: no qualifying jobs
2026-10-01T18:25:04+0530  DEBUG     [job:-]  Polling cycle complete: no qualifying jobs
2026-10-01T18:25:09+0530  DEBUG     [job:-]  Polling cycle complete: no qualifying jobs
2026-10-01T18:25:10+0530  DEBUG     [job:-]  Polling cycle complete: no qualifying jobs
2026-10-01T18:25:14+0530  DEBUG     [job:-]  Polling cycle complete: no qualifying jobs
2026-10-01T18:25:15+0530  DEBUG     [job:-]  Polling cycle complete: no qualifying jobs
2026-10-01T18:25:20+0530  DEBUG     [job:-]  Polling cycle complete: no qualifying jobs
2026-10-01T18:25:21+0530  DEBUG     [job:-]  Polling cycle complete: no qualifying jobs
2026-10-01T18:25:25+0530  DEBUG     [job:-]  Polling cycle complete: no qualifying jobs
2026-10-01T18:25:26+0530  DEBUG     [job:-]  Polling cycle complete: no qualifying jobs
2026-10-01T18:25:31+0530  DEBUG     [job:-]  Polling cycle complete: no qualifying jobs
2026-10-01T18:25:31+0530  DEBUG     [job:-]  Polling cycle complete: no qualifying jobs
2026-10-01T18:25:36+0530  DEBUG     [job:-]  Polling cycle complete: no qualifying jobs
2026-10-01T18:25:37+0530  DEBUG     [job:-]  Polling cycle complete: no qualifying jobs
2026-10-01T18:25:42+0530  DEBUG     [job:-]  Polling cycle complete: no qualifying jobs
2026-10-01T18:25:43+0530  DEBUG     [job:-]  Polling cycle complete: no qualifying jobs
2026-10-01T18:25:47+0530  DEBUG     [job:-]  Polling cycle complete: no qualifying jobs
2026-10-01T18:25:48+0530  DEBUG     [job:-]  Polling cycle complete: no qualifying jobs
2026-10-01T18:25:53+0530  DEBUG     [job:-]  Polling cycle complete: no qualifying jobs
2026-10-01T18:25:54+0530  DEBUG     [job:-]  Polling cycle complete: no qualifying jobs
2026-10-01T18:25:58+0530  DEBUG     [job:-]  Polling cycle complete: no qualifying jobs
2026-10-01T18:25:59+0530  DEBUG     [job:-]  Polling cycle complete: no qualifying jobs
2026-10-01T18:26:04+0530  DEBUG     [job:-]  Polling cycle complete: no qualifying jobs
2026-10-01T18:26:05+0530  DEBUG     [job:-]  Polling cycle complete: no qualifying jobs
2026-10-01T18:26:09+0530  DEBUG     [job:-]  Polling cycle complete: no qualifying jobs
2026-10-01T18:26:10+0530  DEBUG     [job:-]  Polling cycle complete: no qualifying jobs
2026-10-01T18:26:15+0530  DEBUG     [job:-]  Polling cycle complete: no qualifying jobs
2026-10-01T18:26:16+0530  DEBUG     [job:-]  Polling cycle complete: no qualifying jobs
2026-10-01T18:26:20+0530  DEBUG     [job:-]  Polling cycle complete: no qualifying jobs
2026-10-01T18:26:21+0530  DEBUG     [job:-]  Polling cycle complete: no qualifying jobs
2026-10-01T18:26:25+0530  DEBUG     [job:-]  Polling cycle complete: no qualifying jobs
2026-10-01T18:26:26+0530  DEBUG     [job:-]  Polling cycle complete: no qualifying jobs
2026-10-01T18:26:31+0530  DEBUG     [job:-]  Polling cycle complete: no qualifying jobs
2026-10-01T18:26:32+0530  DEBUG     [job:-]  Polling cycle complete: no qualifying jobs
2026-10-01T18:26:37+0530  INFO      [job:-]  Claimed job cf80bdfa-8bf9-4c2f-b8ee-64373931a5b1 (file: jobs/cf80bdfa-8bf9-4c2f-b8ee-64373931a5b1/InUnityxSSSE.pdf, copies: 1)
2026-10-01T18:26:37+0530  DEBUG     [job:-]  Polling cycle complete: no qualifying jobs
2026-10-01T18:26:40+0530  INFO      [job:-]  Printing job cf80bdfa-8bf9-4c2f-b8ee-64373931a5b1 to printer 'EPSON L3260 Series'...
2026-10-01T18:26:40+0530  ERROR     [job:-]  Job cf80bdfa-8bf9-4c2f-b8ee-64373931a5b1 failed during printing: Print command exited with code 1: Start-Process : This command cannot be run due to the error: No application is associated with the specified file for 
this operation.
At line:1 char:1
+ Start-Process -FilePath "C:\Users\USER\AppData\Local\Temp\a4_kiosk_do ...
+ ~~~~~~~~~~~~~~~~~~~~~~~~~~~~~~~~~~~~~~~~~~~~~~~~~~~~~~~~~~~~~~~~~~~~~
    + CategoryInfo          : InvalidOperation: (:) [Start-Process], InvalidOperationException
    + FullyQualifiedErrorId : InvalidOperationException,Microsoft.PowerShell.Commands.StartProcessCommand
2026-10-01T18:26:41+0530  DEBUG     [job:-]  Cleaned up temp file C:\Users\USER\AppData\Local\Temp\a4_kiosk_downloads\InUnityxSSSE.pdf
2026-10-01T18:26:43+0530  DEBUG     [job:-]  Polling cycle complete: no qualifying jobs
2026-10-01T18:26:46+0530  DEBUG     [job:-]  Polling cycle complete: no qualifying jobs
2026-10-01T18:26:48+0530  DEBUG     [job:-]  Polling cycle complete: no qualifying jobs
2026-10-01T18:26:52+0530  DEBUG     [job:-]  Polling cycle complete: no qualifying jobs
2026-10-01T18:26:54+0530  DEBUG     [job:-]  Polling cycle complete: no qualifying jobs
2026-10-01T18:26:57+0530  DEBUG     [job:-]  Polling cycle complete: no qualifying jobs
2026-10-01T18:26:59+0530  DEBUG     [job:-]  Polling cycle complete: no qualifying jobs
2026-10-01T18:27:02+0530  DEBUG     [job:-]  Polling cycle complete: no qualifying jobs
2026-10-01T18:27:05+0530  DEBUG     [job:-]  Polling cycle complete: no qualifying jobs
2026-10-01T18:27:08+0530  DEBUG     [job:-]  Polling cycle complete: no qualifying jobs
2026-10-01T18:27:10+0530  DEBUG     [job:-]  Polling cycle complete: no qualifying jobs
2026-10-01T18:27:13+0530  DEBUG     [job:-]  Polling cycle complete: no qualifying jobs
2026-10-01T18:27:16+0530  DEBUG     [job:-]  Polling cycle complete: no qualifying jobs
2026-10-01T18:27:19+0530  DEBUG     [job:-]  Polling cycle complete: no qualifying jobs
2026-10-01T18:27:21+0530  DEBUG     [job:-]  Polling cycle complete: no qualifying jobs
2026-10-01T18:27:24+0530  DEBUG     [job:-]  Polling cycle complete: no qualifying jobs
2026-10-01T18:27:26+0530  DEBUG     [job:-]  Polling cycle complete: no qualifying jobs
2026-10-01T18:27:30+0530  DEBUG     [job:-]  Polling cycle complete: no qualifying jobs
2026-10-01T18:27:32+0530  DEBUG     [job:-]  Polling cycle complete: no qualifying jobs
2026-10-01T18:27:48+0530  WARNING   [job:-]  Network or database error during poll cycle: [WinError 10065] A socket operation was attempted to an unreachable host
2026-10-01T18:27:53+0530  WARNING   [job:-]  Network or database error during poll cycle: [Errno 11001] getaddrinfo failed
2026-10-01T18:27:58+0530  WARNING   [job:-]  Network or database error during poll cycle: [WinError 10054] An existing connection was forcibly closed by the remote host
2026-10-01T18:27:58+0530  WARNING   [job:-]  Network or database error during poll cycle: [Errno 11001] getaddrinfo failed
2026-10-01T18:28:03+0530  WARNING   [job:-]  Network or database error during poll cycle: [Errno 11001] getaddrinfo failed
2026-10-01T18:28:03+0530  WARNING   [job:-]  Network or database error during poll cycle: [Errno 11001] getaddrinfo failed
2026-10-01T18:28:08+0530  WARNING   [job:-]  Network or database error during poll cycle: [Errno 11001] getaddrinfo failed
2026-10-01T18:28:08+0530  WARNING   [job:-]  Network or database error during poll cycle: [Errno 11001] getaddrinfo failed
2026-10-01T18:28:13+0530  WARNING   [job:-]  Network or database error during poll cycle: [Errno 11001] getaddrinfo failed
2026-10-01T18:28:13+0530  WARNING   [job:-]  Network or database error during poll cycle: [Errno 11001] getaddrinfo failed
2026-10-01T18:28:18+0530  WARNING   [job:-]  Network or database error during poll cycle: [Errno 11001] getaddrinfo failed
2026-10-01T18:28:18+0530  WARNING   [job:-]  Network or database error during poll cycle: [Errno 11001] getaddrinfo failed
2026-10-01T18:28:23+0530  WARNING   [job:-]  Network or database error during poll cycle: [Errno 11001] getaddrinfo failed
2026-10-01T18:28:23+0530  WARNING   [job:-]  Network or database error during poll cycle: [Errno 11001] getaddrinfo failed
2026-10-01T18:28:28+0530  WARNING   [job:-]  Network or database error during poll cycle: [Errno 11001] getaddrinfo failed
2026-10-01T18:28:28+0530  WARNING   [job:-]  Network or database error during poll cycle: [Errno 11001] getaddrinfo failed
2026-10-01T18:28:33+0530  WARNING   [job:-]  Network or database error during poll cycle: [Errno 11001] getaddrinfo failed
2026-10-01T18:28:33+0530  WARNING   [job:-]  Network or database error during poll cycle: [Errno 11001] getaddrinfo failed
2026-10-01T18:28:38+0530  WARNING   [job:-]  Network or database error during poll cycle: [Errno 11001] getaddrinfo failed
2026-10-01T18:28:38+0530  WARNING   [job:-]  Network or database error during poll cycle: [Errno 11001] getaddrinfo failed
2026-10-01T18:28:43+0530  WARNING   [job:-]  Network or database error during poll cycle: [Errno 11001] getaddrinfo failed
2026-10-01T18:28:43+0530  WARNING   [job:-]  Network or database error during poll cycle: [Errno 11001] getaddrinfo failed
2026-10-01T18:28:48+0530  WARNING   [job:-]  Network or database error during poll cycle: [Errno 11001] getaddrinfo failed
2026-10-01T18:28:48+0530  WARNING   [job:-]  Network or database error during poll cycle: [Errno 11001] getaddrinfo failed
2026-10-01T18:28:53+0530  WARNING   [job:-]  Network or database error during poll cycle: [Errno 11001] getaddrinfo failed
2026-10-01T18:28:53+0530  WARNING   [job:-]  Network or database error during poll cycle: [Errno 11001] getaddrinfo failed
2026-10-01T18:28:58+0530  WARNING   [job:-]  Network or database error during poll cycle: [Errno 11001] getaddrinfo failed
2026-10-01T18:28:58+0530  WARNING   [job:-]  Network or database error during poll cycle: [Errno 11001] getaddrinfo failed
2026-10-01T18:29:03+0530  WARNING   [job:-]  Network or database error during poll cycle: [Errno 11001] getaddrinfo failed
2026-10-01T18:29:03+0530  WARNING   [job:-]  Network or database error during poll cycle: [Errno 11001] getaddrinfo failed
2026-10-01T18:29:08+0530  WARNING   [job:-]  Network or database error during poll cycle: [Errno 11001] getaddrinfo failed
2026-10-01T18:29:08+0530  WARNING   [job:-]  Network or database error during poll cycle: [Errno 11001] getaddrinfo failed
2026-10-01T18:29:13+0530  WARNING   [job:-]  Network or database error during poll cycle: [Errno 11001] getaddrinfo failed
2026-10-01T18:29:13+0530  WARNING   [job:-]  Network or database error during poll cycle: [Errno 11001] getaddrinfo failed
2026-10-01T18:29:18+0530  WARNING   [job:-]  Network or database error during poll cycle: [Errno 11001] getaddrinfo failed
2026-10-01T18:29:18+0530  WARNING   [job:-]  Network or database error during poll cycle: [Errno 11001] getaddrinfo failed
2026-10-01T18:29:23+0530  WARNING   [job:-]  Network or database error during poll cycle: [Errno 11001] getaddrinfo failed
2026-10-01T18:29:23+0530  WARNING   [job:-]  Network or database error during poll cycle: [Errno 11001] getaddrinfo failed
2026-10-01T18:29:28+0530  WARNING   [job:-]  Network or database error during poll cycle: [Errno 11001] getaddrinfo failed
2026-10-01T18:29:28+0530  WARNING   [job:-]  Network or database error during poll cycle: [Errno 11001] getaddrinfo failed
2026-10-01T18:29:33+0530  WARNING   [job:-]  Network or database error during poll cycle: [Errno 11001] getaddrinfo failed
2026-10-01T18:29:33+0530  WARNING   [job:-]  Network or database error during poll cycle: [Errno 11001] getaddrinfo failed
2026-10-01T18:29:38+0530  WARNING   [job:-]  Network or database error during poll cycle: [Errno 11001] getaddrinfo failed
2026-10-01T18:29:38+0530  WARNING   [job:-]  Network or database error during poll cycle: [Errno 11001] getaddrinfo failed
2026-10-01T18:29:43+0530  WARNING   [job:-]  Network or database error during poll cycle: [Errno 11001] getaddrinfo failed
2026-10-01T18:29:43+0530  WARNING   [job:-]  Network or database error during poll cycle: [Errno 11001] getaddrinfo failed
2026-10-01T18:29:48+0530  WARNING   [job:-]  Network or database error during poll cycle: [Errno 11001] getaddrinfo failed
2026-10-01T18:29:48+0530  WARNING   [job:-]  Network or database error during poll cycle: [Errno 11001] getaddrinfo failed
2026-10-01T18:29:53+0530  WARNING   [job:-]  Network or database error during poll cycle: [Errno 11001] getaddrinfo failed
2026-10-01T18:29:53+0530  WARNING   [job:-]  Network or database error during poll cycle: [Errno 11001] getaddrinfo failed
2026-10-01T18:29:58+0530  WARNING   [job:-]  Network or database error during poll cycle: [Errno 11001] getaddrinfo failed
2026-10-01T18:29:58+0530  WARNING   [job:-]  Network or database error during poll cycle: [Errno 11001] getaddrinfo failed
2026-10-01T18:30:03+0530  WARNING   [job:-]  Network or database error during poll cycle: [Errno 11001] getaddrinfo failed
2026-10-01T18:30:03+0530  WARNING   [job:-]  Network or database error during poll cycle: [Errno 11001] getaddrinfo failed
2026-10-01T18:30:08+0530  WARNING   [job:-]  Network or database error during poll cycle: [Errno 11001] getaddrinfo failed
2026-10-01T18:30:08+0530  WARNING   [job:-]  Network or database error during poll cycle: [Errno 11001] getaddrinfo failed
2026-10-01T18:30:13+0530  WARNING   [job:-]  Network or database error during poll cycle: [Errno 11001] getaddrinfo failed
2026-10-01T18:30:13+0530  WARNING   [job:-]  Network or database error during poll cycle: [Errno 11001] getaddrinfo failed
2026-10-01T18:30:18+0530  WARNING   [job:-]  Network or database error during poll cycle: [Errno 11001] getaddrinfo failed
2026-10-01T18:30:18+0530  WARNING   [job:-]  Network or database error during poll cycle: [Errno 11001] getaddrinfo failed
2026-10-01T18:30:23+0530  WARNING   [job:-]  Network or database error during poll cycle: [Errno 11001] getaddrinfo failed
2026-10-01T18:30:23+0530  WARNING   [job:-]  Network or database error during poll cycle: [Errno 11001] getaddrinfo failed
2026-10-01T18:30:28+0530  WARNING   [job:-]  Network or database error during poll cycle: [Errno 11001] getaddrinfo failed
2026-10-01T18:30:28+0530  WARNING   [job:-]  Network or database error during poll cycle: [Errno 11001] getaddrinfo failed
2026-10-01T18:30:33+0530  WARNING   [job:-]  Network or database error during poll cycle: [Errno 11001] getaddrinfo failed
2026-10-01T18:30:33+0530  WARNING   [job:-]  Network or database error during poll cycle: [Errno 11001] getaddrinfo failed
2026-10-01T18:30:38+0530  WARNING   [job:-]  Network or database error during poll cycle: [Errno 11001] getaddrinfo failed
2026-10-01T18:30:38+0530  WARNING   [job:-]  Network or database error during poll cycle: [Errno 11001] getaddrinfo failed
2026-10-01T18:30:43+0530  WARNING   [job:-]  Network or database error during poll cycle: [Errno 11001] getaddrinfo failed
2026-10-01T18:30:43+0530  WARNING   [job:-]  Network or database error during poll cycle: [Errno 11001] getaddrinfo failed
2026-10-01T18:30:48+0530  WARNING   [job:-]  Network or database error during poll cycle: [Errno 11001] getaddrinfo failed
2026-10-01T18:30:48+0530  WARNING   [job:-]  Network or database error during poll cycle: [Errno 11001] getaddrinfo failed
2026-10-01T18:30:53+0530  WARNING   [job:-]  Network or database error during poll cycle: [Errno 11001] getaddrinfo failed
2026-10-01T18:30:53+0530  WARNING   [job:-]  Network or database error during poll cycle: [Errno 11001] getaddrinfo failed
2026-10-01T18:30:58+0530  WARNING   [job:-]  Network or database error during poll cycle: [Errno 11001] getaddrinfo failed
2026-10-01T18:30:58+0530  WARNING   [job:-]  Network or database error during poll cycle: [Errno 11001] getaddrinfo failed
2026-10-01T18:31:03+0530  WARNING   [job:-]  Network or database error during poll cycle: [Errno 11001] getaddrinfo failed
2026-10-01T18:31:03+0530  WARNING   [job:-]  Network or database error during poll cycle: [Errno 11001] getaddrinfo failed
2026-10-01T18:31:08+0530  WARNING   [job:-]  Network or database error during poll cycle: [Errno 11001] getaddrinfo failed
2026-10-01T18:31:08+0530  WARNING   [job:-]  Network or database error during poll cycle: [Errno 11001] getaddrinfo failed
2026-10-01T18:31:13+0530  WARNING   [job:-]  Network or database error during poll cycle: [Errno 11001] getaddrinfo failed
2026-10-01T18:31:13+0530  WARNING   [job:-]  Network or database error during poll cycle: [Errno 11001] getaddrinfo failed
2026-10-01T18:31:18+0530  WARNING   [job:-]  Network or database error during poll cycle: [Errno 11001] getaddrinfo failed
2026-10-01T18:31:18+0530  WARNING   [job:-]  Network or database error during poll cycle: [Errno 11001] getaddrinfo failed
2026-10-01T18:31:23+0530  WARNING   [job:-]  Network or database error during poll cycle: [Errno 11001] getaddrinfo failed
2026-10-01T18:31:23+0530  WARNING   [job:-]  Network or database error during poll cycle: [Errno 11001] getaddrinfo failed
2026-10-01T18:31:28+0530  WARNING   [job:-]  Network or database error during poll cycle: [Errno 11001] getaddrinfo failed
2026-10-01T18:31:28+0530  WARNING   [job:-]  Network or database error during poll cycle: [Errno 11001] getaddrinfo failed
2026-10-01T18:31:33+0530  WARNING   [job:-]  Network or database error during poll cycle: [Errno 11001] getaddrinfo failed
2026-10-01T18:31:33+0530  WARNING   [job:-]  Network or database error during poll cycle: [Errno 11001] getaddrinfo failed
2026-10-01T18:31:38+0530  WARNING   [job:-]  Network or database error during poll cycle: [Errno 11001] getaddrinfo failed
2026-10-01T18:31:38+0530  WARNING   [job:-]  Network or database error during poll cycle: [Errno 11001] getaddrinfo failed
2026-10-01T18:31:43+0530  WARNING   [job:-]  Network or database error during poll cycle: [Errno 11001] getaddrinfo failed
2026-10-01T18:31:43+0530  WARNING   [job:-]  Network or database error during poll cycle: [Errno 11001] getaddrinfo failed
2026-10-01T18:31:48+0530  WARNING   [job:-]  Network or database error during poll cycle: [Errno 11001] getaddrinfo failed
2026-10-01T18:31:48+0530  WARNING   [job:-]  Network or database error during poll cycle: [Errno 11001] getaddrinfo failed
2026-10-01T18:31:53+0530  WARNING   [job:-]  Network or database error during poll cycle: [Errno 11001] getaddrinfo failed
2026-10-01T18:31:53+0530  WARNING   [job:-]  Network or database error during poll cycle: [Errno 11001] getaddrinfo failed
2026-10-01T18:31:58+0530  WARNING   [job:-]  Network or database error during poll cycle: [Errno 11001] getaddrinfo failed
2026-10-01T18:31:58+0530  WARNING   [job:-]  Network or database error during poll cycle: [Errno 11001] getaddrinfo failed
2026-10-01T18:32:03+0530  WARNING   [job:-]  Network or database error during poll cycle: [Errno 11001] getaddrinfo failed
2026-10-01T18:32:03+0530  WARNING   [job:-]  Network or database error during poll cycle: [Errno 11001] getaddrinfo failed
2026-10-01T18:32:08+0530  WARNING   [job:-]  Network or database error during poll cycle: [Errno 11001] getaddrinfo failed
2026-10-01T18:32:08+0530  WARNING   [job:-]  Network or database error during poll cycle: [Errno 11001] getaddrinfo failed
2026-10-01T18:32:13+0530  WARNING   [job:-]  Network or database error during poll cycle: [Errno 11001] getaddrinfo failed
2026-10-01T18:32:13+0530  WARNING   [job:-]  Network or database error during poll cycle: [Errno 11001] getaddrinfo failed
2026-10-01T18:32:18+0530  WARNING   [job:-]  Network or database error during poll cycle: [Errno 11001] getaddrinfo failed
2026-10-01T18:32:18+0530  WARNING   [job:-]  Network or database error during poll cycle: [Errno 11001] getaddrinfo failed
2026-10-01T18:32:23+0530  WARNING   [job:-]  Network or database error during poll cycle: [Errno 11001] getaddrinfo failed
2026-10-01T18:32:23+0530  WARNING   [job:-]  Network or database error during poll cycle: [Errno 11001] getaddrinfo failed
2026-10-01T18:32:28+0530  WARNING   [job:-]  Network or database error during poll cycle: [Errno 11001] getaddrinfo failed
2026-10-01T18:32:28+0530  WARNING   [job:-]  Network or database error during poll cycle: [Errno 11001] getaddrinfo failed
2026-10-01T18:32:33+0530  WARNING   [job:-]  Network or database error during poll cycle: [Errno 11001] getaddrinfo failed
2026-10-01T18:32:33+0530  WARNING   [job:-]  Network or database error during poll cycle: [Errno 11001] getaddrinfo failed
2026-10-01T18:32:38+0530  WARNING   [job:-]  Network or database error during poll cycle: [Errno 11001] getaddrinfo failed
2026-10-01T18:32:38+0530  WARNING   [job:-]  Network or database error during poll cycle: [Errno 11001] getaddrinfo failed
2026-10-01T18:32:43+0530  WARNING   [job:-]  Network or database error during poll cycle: [Errno 11001] getaddrinfo failed
2026-10-01T18:32:43+0530  WARNING   [job:-]  Network or database error during poll cycle: [Errno 11001] getaddrinfo failed
2026-10-01T18:32:48+0530  WARNING   [job:-]  Network or database error during poll cycle: [Errno 11001] getaddrinfo failed
2026-10-01T18:32:48+0530  WARNING   [job:-]  Network or database error during poll cycle: [Errno 11001] getaddrinfo failed
2026-10-01T18:32:53+0530  WARNING   [job:-]  Network or database error during poll cycle: [Errno 11001] getaddrinfo failed
2026-10-01T18:32:53+0530  WARNING   [job:-]  Network or database error during poll cycle: [Errno 11001] getaddrinfo failed
2026-10-01T18:32:58+0530  WARNING   [job:-]  Network or database error during poll cycle: [Errno 11001] getaddrinfo failed
2026-10-01T18:32:58+0530  WARNING   [job:-]  Network or database error during poll cycle: [Errno 11001] getaddrinfo failed
2026-10-01T18:33:03+0530  WARNING   [job:-]  Network or database error during poll cycle: [Errno 11001] getaddrinfo failed
2026-10-01T18:33:03+0530  WARNING   [job:-]  Network or database error during poll cycle: [Errno 11001] getaddrinfo failed
2026-10-01T18:33:08+0530  WARNING   [job:-]  Network or database error during poll cycle: [Errno 11001] getaddrinfo failed
2026-10-01T18:33:08+0530  WARNING   [job:-]  Network or database error during poll cycle: [Errno 11001] getaddrinfo failed
2026-10-01T18:33:13+0530  WARNING   [job:-]  Network or database error during poll cycle: [Errno 11001] getaddrinfo failed
2026-10-01T18:33:13+0530  WARNING   [job:-]  Network or database error during poll cycle: [Errno 11001] getaddrinfo failed
2026-10-01T18:33:18+0530  WARNING   [job:-]  Network or database error during poll cycle: [Errno 11001] getaddrinfo failed
2026-10-01T18:33:18+0530  WARNING   [job:-]  Network or database error during poll cycle: [Errno 11001] getaddrinfo failed
2026-10-01T18:33:23+0530  WARNING   [job:-]  Network or database error during poll cycle: [Errno 11001] getaddrinfo failed
2026-10-01T18:33:23+0530  WARNING   [job:-]  Network or database error during poll cycle: [Errno 11001] getaddrinfo failed
2026-10-01T18:33:28+0530  WARNING   [job:-]  Network or database error during poll cycle: [Errno 11001] getaddrinfo failed
2026-10-01T18:33:28+0530  WARNING   [job:-]  Network or database error during poll cycle: [Errno 11001] getaddrinfo failed
2026-10-01T18:33:33+0530  WARNING   [job:-]  Network or database error during poll cycle: [Errno 11001] getaddrinfo failed
2026-10-01T18:33:33+0530  WARNING   [job:-]  Network or database error during poll cycle: [Errno 11001] getaddrinfo failed
2026-10-01T18:33:38+0530  WARNING   [job:-]  Network or database error during poll cycle: [Errno 11001] getaddrinfo failed
2026-10-01T18:33:38+0530  WARNING   [job:-]  Network or database error during poll cycle: [Errno 11001] getaddrinfo failed
2026-10-01T18:33:43+0530  WARNING   [job:-]  Network or database error during poll cycle: [Errno 11001] getaddrinfo failed
2026-10-01T18:33:43+0530  WARNING   [job:-]  Network or database error during poll cycle: [Errno 11001] getaddrinfo failed
2026-10-01T18:33:48+0530  WARNING   [job:-]  Network or database error during poll cycle: [Errno 11001] getaddrinfo failed
2026-10-01T18:33:48+0530  WARNING   [job:-]  Network or database error during poll cycle: [Errno 11001] getaddrinfo failed
2026-10-01T18:33:53+0530  WARNING   [job:-]  Network or database error during poll cycle: [Errno 11001] getaddrinfo failed
2026-10-01T18:33:53+0530  WARNING   [job:-]  Network or database error during poll cycle: [Errno 11001] getaddrinfo failed
2026-10-01T18:33:58+0530  WARNING   [job:-]  Network or database error during poll cycle: [Errno 11001] getaddrinfo failed
2026-10-01T18:33:58+0530  WARNING   [job:-]  Network or database error during poll cycle: [Errno 11001] getaddrinfo failed
2026-10-01T18:34:03+0530  WARNING   [job:-]  Network or database error during poll cycle: [Errno 11001] getaddrinfo failed
2026-10-01T18:34:03+0530  WARNING   [job:-]  Network or database error during poll cycle: [Errno 11001] getaddrinfo failed
2026-10-01T18:34:08+0530  WARNING   [job:-]  Network or database error during poll cycle: [Errno 11001] getaddrinfo failed
2026-10-01T18:34:08+0530  WARNING   [job:-]  Network or database error during poll cycle: [Errno 11001] getaddrinfo failed
2026-10-01T18:34:13+0530  WARNING   [job:-]  Network or database error during poll cycle: [Errno 11001] getaddrinfo failed
2026-10-01T18:34:13+0530  WARNING   [job:-]  Network or database error during poll cycle: [Errno 11001] getaddrinfo failed
2026-10-01T18:34:18+0530  WARNING   [job:-]  Network or database error during poll cycle: [Errno 11001] getaddrinfo failed
2026-10-01T18:34:18+0530  WARNING   [job:-]  Network or database error during poll cycle: [Errno 11001] getaddrinfo failed
2026-10-01T18:34:23+0530  WARNING   [job:-]  Network or database error during poll cycle: [Errno 11001] getaddrinfo failed
2026-10-01T18:34:23+0530  WARNING   [job:-]  Network or database error during poll cycle: [Errno 11001] getaddrinfo failed
2026-10-01T18:34:28+0530  WARNING   [job:-]  Network or database error during poll cycle: [Errno 11001] getaddrinfo failed
2026-10-01T18:34:28+0530  WARNING   [job:-]  Network or database error during poll cycle: [Errno 11001] getaddrinfo failed
2026-10-01T18:34:33+0530  WARNING   [job:-]  Network or database error during poll cycle: [Errno 11001] getaddrinfo failed
2026-10-01T18:34:33+0530  WARNING   [job:-]  Network or database error during poll cycle: [Errno 11001] getaddrinfo failed
2026-10-01T18:34:38+0530  WARNING   [job:-]  Network or database error during poll cycle: [Errno 11001] getaddrinfo failed
2026-10-01T18:34:38+0530  WARNING   [job:-]  Network or database error during poll cycle: [Errno 11001] getaddrinfo failed
2026-10-01T18:34:43+0530  WARNING   [job:-]  Network or database error during poll cycle: [Errno 11001] getaddrinfo failed
2026-10-01T18:34:43+0530  WARNING   [job:-]  Network or database error during poll cycle: [Errno 11001] getaddrinfo failed
2026-10-01T18:34:48+0530  WARNING   [job:-]  Network or database error during poll cycle: [Errno 11001] getaddrinfo failed
2026-10-01T18:34:48+0530  WARNING   [job:-]  Network or database error during poll cycle: [Errno 11001] getaddrinfo failed
2026-10-01T18:34:53+0530  WARNING   [job:-]  Network or database error during poll cycle: [Errno 11001] getaddrinfo failed
2026-10-01T18:34:53+0530  WARNING   [job:-]  Network or database error during poll cycle: [Errno 11001] getaddrinfo failed
2026-10-01T18:34:58+0530  WARNING   [job:-]  Network or database error during poll cycle: [Errno 11001] getaddrinfo failed
2026-10-01T18:34:58+0530  WARNING   [job:-]  Network or database error during poll cycle: [Errno 11001] getaddrinfo failed
2026-10-01T18:35:03+0530  WARNING   [job:-]  Network or database error during poll cycle: [Errno 11001] getaddrinfo failed
2026-10-01T18:35:03+0530  WARNING   [job:-]  Network or database error during poll cycle: [Errno 11001] getaddrinfo failed
2026-10-01T18:35:08+0530  WARNING   [job:-]  Network or database error during poll cycle: [Errno 11001] getaddrinfo failed
2026-10-01T18:35:08+0530  WARNING   [job:-]  Network or database error during poll cycle: [Errno 11001] getaddrinfo failed
2026-10-01T18:35:13+0530  WARNING   [job:-]  Network or database error during poll cycle: [Errno 11001] getaddrinfo failed
2026-10-01T18:35:13+0530  WARNING   [job:-]  Network or database error during poll cycle: [Errno 11001] getaddrinfo failed
2026-10-01T18:35:18+0530  WARNING   [job:-]  Network or database error during poll cycle: [Errno 11001] getaddrinfo failed
2026-10-01T18:35:18+0530  WARNING   [job:-]  Network or database error during poll cycle: [Errno 11001] getaddrinfo failed
2026-10-01T18:35:23+0530  WARNING   [job:-]  Network or database error during poll cycle: [Errno 11001] getaddrinfo failed
2026-10-01T18:35:23+0530  WARNING   [job:-]  Network or database error during poll cycle: [Errno 11001] getaddrinfo failed
2026-10-01T18:35:28+0530  WARNING   [job:-]  Network or database error during poll cycle: [Errno 11001] getaddrinfo failed
2026-10-01T18:35:28+0530  WARNING   [job:-]  Network or database error during poll cycle: [Errno 11001] getaddrinfo failed
2026-10-01T18:35:33+0530  WARNING   [job:-]  Network or database error during poll cycle: [Errno 11001] getaddrinfo failed
2026-10-01T18:35:33+0530  WARNING   [job:-]  Network or database error during poll cycle: [Errno 11001] getaddrinfo failed
2026-10-01T18:35:38+0530  WARNING   [job:-]  Network or database error during poll cycle: [Errno 11001] getaddrinfo failed
2026-10-01T18:35:38+0530  WARNING   [job:-]  Network or database error during poll cycle: [Errno 11001] getaddrinfo failed
2026-10-01T18:35:43+0530  WARNING   [job:-]  Network or database error during poll cycle: [Errno 11001] getaddrinfo failed
2026-10-01T18:35:43+0530  WARNING   [job:-]  Network or database error during poll cycle: [Errno 11001] getaddrinfo failed
2026-10-01T18:35:48+0530  WARNING   [job:-]  Network or database error during poll cycle: [Errno 11001] getaddrinfo failed
2026-10-01T18:35:48+0530  WARNING   [job:-]  Network or database error during poll cycle: [Errno 11001] getaddrinfo failed
2026-10-01T18:35:53+0530  WARNING   [job:-]  Network or database error during poll cycle: [Errno 11001] getaddrinfo failed
2026-10-01T18:35:53+0530  WARNING   [job:-]  Network or database error during poll cycle: [Errno 11001] getaddrinfo failed
2026-10-01T18:35:58+0530  WARNING   [job:-]  Network or database error during poll cycle: [Errno 11001] getaddrinfo failed
2026-10-01T18:35:58+0530  WARNING   [job:-]  Network or database error during poll cycle: [Errno 11001] getaddrinfo failed
2026-10-01T18:36:03+0530  WARNING   [job:-]  Network or database error during poll cycle: [Errno 11001] getaddrinfo failed
2026-10-01T18:36:03+0530  WARNING   [job:-]  Network or database error during poll cycle: [Errno 11001] getaddrinfo failed
2026-10-01T18:36:08+0530  WARNING   [job:-]  Network or database error during poll cycle: [Errno 11001] getaddrinfo failed
2026-10-01T18:36:08+0530  WARNING   [job:-]  Network or database error during poll cycle: [Errno 11001] getaddrinfo failed
2026-10-01T18:36:13+0530  WARNING   [job:-]  Network or database error during poll cycle: [Errno 11001] getaddrinfo failed
2026-10-01T18:36:13+0530  WARNING   [job:-]  Network or database error during poll cycle: [Errno 11001] getaddrinfo failed
2026-10-01T18:36:18+0530  WARNING   [job:-]  Network or database error during poll cycle: [Errno 11001] getaddrinfo failed
2026-10-01T18:36:18+0530  WARNING   [job:-]  Network or database error during poll cycle: [Errno 11001] getaddrinfo failed
2026-10-01T18:36:23+0530  WARNING   [job:-]  Network or database error during poll cycle: [Errno 11001] getaddrinfo failed
2026-10-01T18:36:23+0530  WARNING   [job:-]  Network or database error during poll cycle: [Errno 11001] getaddrinfo failed
2026-10-01T18:36:28+0530  WARNING   [job:-]  Network or database error during poll cycle: [Errno 11001] getaddrinfo failed
2026-10-01T18:36:28+0530  WARNING   [job:-]  Network or database error during poll cycle: [Errno 11001] getaddrinfo failed
2026-10-01T18:36:33+0530  WARNING   [job:-]  Network or database error during poll cycle: [Errno 11001] getaddrinfo failed
2026-10-01T18:36:33+0530  WARNING   [job:-]  Network or database error during poll cycle: [Errno 11001] getaddrinfo failed
2026-10-01T18:36:38+0530  WARNING   [job:-]  Network or database error during poll cycle: [Errno 11001] getaddrinfo failed
2026-10-01T18:36:38+0530  WARNING   [job:-]  Network or database error during poll cycle: [Errno 11001] getaddrinfo failed
2026-10-01T18:36:43+0530  WARNING   [job:-]  Network or database error during poll cycle: [Errno 11001] getaddrinfo failed
2026-10-01T18:36:43+0530  WARNING   [job:-]  Network or database error during poll cycle: [Errno 11001] getaddrinfo failed
2026-10-01T18:36:48+0530  WARNING   [job:-]  Network or database error during poll cycle: [Errno 11001] getaddrinfo failed
2026-10-01T18:36:49+0530  WARNING   [job:-]  Network or database error during poll cycle: [Errno 11001] getaddrinfo failed
2026-10-01T18:36:53+0530  WARNING   [job:-]  Network or database error during poll cycle: [Errno 11001] getaddrinfo failed
2026-10-01T18:36:54+0530  WARNING   [job:-]  Network or database error during poll cycle: [Errno 11001] getaddrinfo failed
2026-10-01T18:36:58+0530  WARNING   [job:-]  Network or database error during poll cycle: [Errno 11001] getaddrinfo failed
2026-10-01T18:36:59+0530  WARNING   [job:-]  Network or database error during poll cycle: [Errno 11001] getaddrinfo failed
2026-10-01T18:37:03+0530  WARNING   [job:-]  Network or database error during poll cycle: [Errno 11001] getaddrinfo failed
2026-10-01T18:37:04+0530  WARNING   [job:-]  Network or database error during poll cycle: [Errno 11001] getaddrinfo failed
2026-10-01T18:37:08+0530  WARNING   [job:-]  Network or database error during poll cycle: [Errno 11001] getaddrinfo failed
2026-10-01T18:37:09+0530  WARNING   [job:-]  Network or database error during poll cycle: [Errno 11001] getaddrinfo failed
2026-10-01T18:37:13+0530  WARNING   [job:-]  Network or database error during poll cycle: [Errno 11001] getaddrinfo failed
2026-10-01T18:37:14+0530  WARNING   [job:-]  Network or database error during poll cycle: [Errno 11001] getaddrinfo failed
2026-10-01T18:37:18+0530  WARNING   [job:-]  Network or database error during poll cycle: [Errno 11001] getaddrinfo failed
2026-10-01T18:37:19+0530  WARNING   [job:-]  Network or database error during poll cycle: [Errno 11001] getaddrinfo failed
2026-10-01T18:37:23+0530  WARNING   [job:-]  Network or database error during poll cycle: [Errno 11001] getaddrinfo failed
2026-10-01T18:37:24+0530  WARNING   [job:-]  Network or database error during poll cycle: [Errno 11001] getaddrinfo failed
2026-10-01T18:37:28+0530  WARNING   [job:-]  Network or database error during poll cycle: [Errno 11001] getaddrinfo failed
2026-10-01T18:37:29+0530  WARNING   [job:-]  Network or database error during poll cycle: [Errno 11001] getaddrinfo failed
2026-10-01T18:37:33+0530  WARNING   [job:-]  Network or database error during poll cycle: [Errno 11001] getaddrinfo failed
2026-10-01T18:37:34+0530  WARNING   [job:-]  Network or database error during poll cycle: [Errno 11001] getaddrinfo failed
2026-10-01T18:37:38+0530  WARNING   [job:-]  Network or database error during poll cycle: [Errno 11001] getaddrinfo failed
2026-10-01T18:37:39+0530  WARNING   [job:-]  Network or database error during poll cycle: [Errno 11001] getaddrinfo failed
2026-10-01T18:37:43+0530  WARNING   [job:-]  Network or database error during poll cycle: [Errno 11001] getaddrinfo failed
2026-10-01T18:37:44+0530  WARNING   [job:-]  Network or database error during poll cycle: [Errno 11001] getaddrinfo failed
2026-10-01T18:37:48+0530  WARNING   [job:-]  Network or database error during poll cycle: [Errno 11001] getaddrinfo failed
2026-10-01T18:37:49+0530  WARNING   [job:-]  Network or database error during poll cycle: [Errno 11001] getaddrinfo failed
2026-10-01T18:37:53+0530  WARNING   [job:-]  Network or database error during poll cycle: [Errno 11001] getaddrinfo failed
2026-10-01T18:37:54+0530  WARNING   [job:-]  Network or database error during poll cycle: [Errno 11001] getaddrinfo failed
2026-10-01T18:37:58+0530  WARNING   [job:-]  Network or database error during poll cycle: [Errno 11001] getaddrinfo failed
2026-10-01T18:37:59+0530  WARNING   [job:-]  Network or database error during poll cycle: [Errno 11001] getaddrinfo failed
2026-10-01T18:38:03+0530  WARNING   [job:-]  Network or database error during poll cycle: [Errno 11001] getaddrinfo failed
2026-10-01T18:38:04+0530  WARNING   [job:-]  Network or database error during poll cycle: [Errno 11001] getaddrinfo failed
2026-10-01T18:38:08+0530  WARNING   [job:-]  Network or database error during poll cycle: [Errno 11001] getaddrinfo failed
2026-10-01T18:38:09+0530  WARNING   [job:-]  Network or database error during poll cycle: [Errno 11001] getaddrinfo failed
2026-10-01T18:38:13+0530  WARNING   [job:-]  Network or database error during poll cycle: [Errno 11001] getaddrinfo failed
2026-10-01T18:38:14+0530  WARNING   [job:-]  Network or database error during poll cycle: [Errno 11001] getaddrinfo failed
2026-10-01T18:38:18+0530  WARNING   [job:-]  Network or database error during poll cycle: [Errno 11001] getaddrinfo failed
2026-10-01T18:38:19+0530  WARNING   [job:-]  Network or database error during poll cycle: [Errno 11001] getaddrinfo failed
2026-10-01T18:38:23+0530  WARNING   [job:-]  Network or database error during poll cycle: [Errno 11001] getaddrinfo failed
2026-10-01T18:38:24+0530  WARNING   [job:-]  Network or database error during poll cycle: [Errno 11001] getaddrinfo failed
2026-10-01T18:38:28+0530  WARNING   [job:-]  Network or database error during poll cycle: [Errno 11001] getaddrinfo failed
2026-10-01T18:38:29+0530  WARNING   [job:-]  Network or database error during poll cycle: [Errno 11001] getaddrinfo failed
2026-10-01T18:38:33+0530  WARNING   [job:-]  Network or database error during poll cycle: [Errno 11001] getaddrinfo failed
2026-10-01T18:38:34+0530  WARNING   [job:-]  Network or database error during poll cycle: [Errno 11001] getaddrinfo failed
2026-10-01T18:38:38+0530  WARNING   [job:-]  Network or database error during poll cycle: [Errno 11001] getaddrinfo failed
2026-10-01T18:38:39+0530  WARNING   [job:-]  Network or database error during poll cycle: [Errno 11001] getaddrinfo failed
2026-10-01T18:38:43+0530  WARNING   [job:-]  Network or database error during poll cycle: [Errno 11001] getaddrinfo failed
2026-10-01T18:38:44+0530  WARNING   [job:-]  Network or database error during poll cycle: [Errno 11001] getaddrinfo failed
2026-10-01T18:38:48+0530  WARNING   [job:-]  Network or database error during poll cycle: [Errno 11001] getaddrinfo failed
2026-10-01T18:38:49+0530  WARNING   [job:-]  Network or database error during poll cycle: [Errno 11001] getaddrinfo failed
2026-10-01T18:38:53+0530  WARNING   [job:-]  Network or database error during poll cycle: [Errno 11001] getaddrinfo failed
2026-10-01T18:38:54+0530  WARNING   [job:-]  Network or database error during poll cycle: [Errno 11001] getaddrinfo failed
2026-10-01T18:38:58+0530  WARNING   [job:-]  Network or database error during poll cycle: [Errno 11001] getaddrinfo failed
2026-10-01T18:38:59+0530  WARNING   [job:-]  Network or database error during poll cycle: [Errno 11001] getaddrinfo failed
2026-10-01T18:39:03+0530  WARNING   [job:-]  Network or database error during poll cycle: [Errno 11001] getaddrinfo failed
2026-10-01T18:39:04+0530  WARNING   [job:-]  Network or database error during poll cycle: [Errno 11001] getaddrinfo failed
2026-10-01T18:39:08+0530  WARNING   [job:-]  Network or database error during poll cycle: [Errno 11001] getaddrinfo failed
2026-10-01T18:39:09+0530  WARNING   [job:-]  Network or database error during poll cycle: [Errno 11001] getaddrinfo failed
2026-10-01T18:39:13+0530  WARNING   [job:-]  Network or database error during poll cycle: [Errno 11001] getaddrinfo failed
2026-10-01T18:39:14+0530  WARNING   [job:-]  Network or database error during poll cycle: [Errno 11001] getaddrinfo failed
2026-10-01T18:39:18+0530  WARNING   [job:-]  Network or database error during poll cycle: [Errno 11001] getaddrinfo failed
2026-10-01T18:39:19+0530  WARNING   [job:-]  Network or database error during poll cycle: [Errno 11001] getaddrinfo failed
2026-10-01T18:39:23+0530  WARNING   [job:-]  Network or database error during poll cycle: [Errno 11001] getaddrinfo failed
2026-10-01T18:39:24+0530  WARNING   [job:-]  Network or database error during poll cycle: [Errno 11001] getaddrinfo failed
2026-10-01T18:39:28+0530  WARNING   [job:-]  Network or database error during poll cycle: [Errno 11001] getaddrinfo failed
2026-10-01T18:39:29+0530  WARNING   [job:-]  Network or database error during poll cycle: [Errno 11001] getaddrinfo failed
2026-10-01T18:39:33+0530  WARNING   [job:-]  Network or database error during poll cycle: [Errno 11001] getaddrinfo failed
2026-10-01T18:39:34+0530  WARNING   [job:-]  Network or database error during poll cycle: [Errno 11001] getaddrinfo failed
2026-10-01T18:39:38+0530  WARNING   [job:-]  Network or database error during poll cycle: [Errno 11001] getaddrinfo failed
2026-10-01T18:39:39+0530  WARNING   [job:-]  Network or database error during poll cycle: [Errno 11001] getaddrinfo failed
2026-10-01T18:39:43+0530  WARNING   [job:-]  Network or database error during poll cycle: [Errno 11001] getaddrinfo failed
2026-10-01T18:39:44+0530  WARNING   [job:-]  Network or database error during poll cycle: [Errno 11001] getaddrinfo failed
2026-10-01T18:39:48+0530  WARNING   [job:-]  Network or database error during poll cycle: [Errno 11001] getaddrinfo failed
2026-10-01T18:39:49+0530  WARNING   [job:-]  Network or database error during poll cycle: [Errno 11001] getaddrinfo failed
2026-10-01T18:39:53+0530  WARNING   [job:-]  Network or database error during poll cycle: [Errno 11001] getaddrinfo failed
2026-10-01T18:39:54+0530  WARNING   [job:-]  Network or database error during poll cycle: [Errno 11001] getaddrinfo failed
2026-10-01T18:39:58+0530  WARNING   [job:-]  Network or database error during poll cycle: [Errno 11001] getaddrinfo failed
2026-10-01T18:39:59+0530  WARNING   [job:-]  Network or database error during poll cycle: [Errno 11001] getaddrinfo failed
2026-10-01T18:40:03+0530  WARNING   [job:-]  Network or database error during poll cycle: [Errno 11001] getaddrinfo failed
2026-10-01T18:40:04+0530  WARNING   [job:-]  Network or database error during poll cycle: [Errno 11001] getaddrinfo failed
2026-10-01T18:40:08+0530  WARNING   [job:-]  Network or database error during poll cycle: [Errno 11001] getaddrinfo failed
2026-10-01T18:40:09+0530  WARNING   [job:-]  Network or database error during poll cycle: [Errno 11001] getaddrinfo failed
2026-10-01T18:40:13+0530  WARNING   [job:-]  Network or database error during poll cycle: [Errno 11001] getaddrinfo failed
2026-10-01T18:40:14+0530  WARNING   [job:-]  Network or database error during poll cycle: [Errno 11001] getaddrinfo failed
2026-10-01T18:40:18+0530  WARNING   [job:-]  Network or database error during poll cycle: [Errno 11001] getaddrinfo failed
2026-10-01T18:40:19+0530  WARNING   [job:-]  Network or database error during poll cycle: [Errno 11001] getaddrinfo failed
2026-10-01T18:40:23+0530  WARNING   [job:-]  Network or database error during poll cycle: [Errno 11001] getaddrinfo failed
2026-10-01T18:40:24+0530  WARNING   [job:-]  Network or database error during poll cycle: [Errno 11001] getaddrinfo failed
2026-10-01T18:40:28+0530  WARNING   [job:-]  Network or database error during poll cycle: [Errno 11001] getaddrinfo failed
2026-10-01T18:40:29+0530  WARNING   [job:-]  Network or database error during poll cycle: [Errno 11001] getaddrinfo failed
2026-10-01T18:40:33+0530  WARNING   [job:-]  Network or database error during poll cycle: [Errno 11001] getaddrinfo failed
2026-10-01T18:40:34+0530  WARNING   [job:-]  Network or database error during poll cycle: [Errno 11001] getaddrinfo failed
2026-10-01T18:40:38+0530  WARNING   [job:-]  Network or database error during poll cycle: [Errno 11001] getaddrinfo failed
2026-10-01T18:40:39+0530  WARNING   [job:-]  Network or database error during poll cycle: [Errno 11001] getaddrinfo failed
2026-10-01T18:40:43+0530  WARNING   [job:-]  Network or database error during poll cycle: [Errno 11001] getaddrinfo failed
2026-10-01T18:40:44+0530  WARNING   [job:-]  Network or database error during poll cycle: [Errno 11001] getaddrinfo failed
2026-10-01T18:40:48+0530  WARNING   [job:-]  Network or database error during poll cycle: [Errno 11001] getaddrinfo failed
2026-10-01T18:40:49+0530  WARNING   [job:-]  Network or database error during poll cycle: [Errno 11001] getaddrinfo failed
2026-10-01T18:40:53+0530  WARNING   [job:-]  Network or database error during poll cycle: [Errno 11001] getaddrinfo failed
2026-10-01T18:40:54+0530  WARNING   [job:-]  Network or database error during poll cycle: [Errno 11001] getaddrinfo failed
2026-10-01T18:40:58+0530  WARNING   [job:-]  Network or database error during poll cycle: [Errno 11001] getaddrinfo failed
2026-10-01T18:40:59+0530  WARNING   [job:-]  Network or database error during poll cycle: [Errno 11001] getaddrinfo failed
2026-10-01T18:41:03+0530  WARNING   [job:-]  Network or database error during poll cycle: [Errno 11001] getaddrinfo failed
2026-10-01T18:41:04+0530  WARNING   [job:-]  Network or database error during poll cycle: [Errno 11001] getaddrinfo failed
2026-10-01T18:41:08+0530  WARNING   [job:-]  Network or database error during poll cycle: [Errno 11001] getaddrinfo failed
2026-10-01T18:41:09+0530  WARNING   [job:-]  Network or database error during poll cycle: [Errno 11001] getaddrinfo failed
2026-10-01T18:41:13+0530  WARNING   [job:-]  Network or database error during poll cycle: [Errno 11001] getaddrinfo failed
2026-10-01T18:41:14+0530  WARNING   [job:-]  Network or database error during poll cycle: [Errno 11001] getaddrinfo failed
2026-10-01T18:41:18+0530  WARNING   [job:-]  Network or database error during poll cycle: [Errno 11001] getaddrinfo failed
2026-10-01T18:41:19+0530  WARNING   [job:-]  Network or database error during poll cycle: [Errno 11001] getaddrinfo failed
2026-10-01T18:41:23+0530  WARNING   [job:-]  Network or database error during poll cycle: [Errno 11001] getaddrinfo failed
2026-10-01T18:41:24+0530  WARNING   [job:-]  Network or database error during poll cycle: [Errno 11001] getaddrinfo failed
2026-10-01T18:41:28+0530  WARNING   [job:-]  Network or database error during poll cycle: [Errno 11001] getaddrinfo failed
2026-10-01T18:41:29+0530  WARNING   [job:-]  Network or database error during poll cycle: [Errno 11001] getaddrinfo failed
2026-10-01T18:41:33+0530  WARNING   [job:-]  Network or database error during poll cycle: [Errno 11001] getaddrinfo failed
2026-10-01T18:41:34+0530  WARNING   [job:-]  Network or database error during poll cycle: [Errno 11001] getaddrinfo failed
2026-10-01T18:41:38+0530  WARNING   [job:-]  Network or database error during poll cycle: [Errno 11001] getaddrinfo failed
2026-10-01T18:41:39+0530  WARNING   [job:-]  Network or database error during poll cycle: [Errno 11001] getaddrinfo failed
2026-10-01T18:41:43+0530  WARNING   [job:-]  Network or database error during poll cycle: [Errno 11001] getaddrinfo failed
2026-10-01T18:41:44+0530  WARNING   [job:-]  Network or database error during poll cycle: [Errno 11001] getaddrinfo failed
2026-10-01T18:41:48+0530  WARNING   [job:-]  Network or database error during poll cycle: [Errno 11001] getaddrinfo failed
2026-10-01T18:41:49+0530  WARNING   [job:-]  Network or database error during poll cycle: [Errno 11001] getaddrinfo failed
2026-10-01T18:41:53+0530  WARNING   [job:-]  Network or database error during poll cycle: [Errno 11001] getaddrinfo failed
2026-10-01T18:41:54+0530  WARNING   [job:-]  Network or database error during poll cycle: [Errno 11001] getaddrinfo failed
2026-10-01T18:41:58+0530  WARNING   [job:-]  Network or database error during poll cycle: [Errno 11001] getaddrinfo failed
2026-10-01T18:41:59+0530  WARNING   [job:-]  Network or database error during poll cycle: [Errno 11001] getaddrinfo failed
2026-10-01T18:42:03+0530  WARNING   [job:-]  Network or database error during poll cycle: [Errno 11001] getaddrinfo failed
2026-10-01T18:42:04+0530  WARNING   [job:-]  Network or database error during poll cycle: [Errno 11001] getaddrinfo failed
2026-10-01T18:42:08+0530  WARNING   [job:-]  Network or database error during poll cycle: [Errno 11001] getaddrinfo failed
2026-10-01T18:42:09+0530  WARNING   [job:-]  Network or database error during poll cycle: [Errno 11001] getaddrinfo failed
2026-10-01T18:42:13+0530  WARNING   [job:-]  Network or database error during poll cycle: [Errno 11001] getaddrinfo failed
2026-10-01T18:42:14+0530  WARNING   [job:-]  Network or database error during poll cycle: [Errno 11001] getaddrinfo failed
2026-10-01T18:42:18+0530  WARNING   [job:-]  Network or database error during poll cycle: [Errno 11001] getaddrinfo failed
2026-10-01T18:42:19+0530  WARNING   [job:-]  Network or database error during poll cycle: [Errno 11001] getaddrinfo failed
2026-10-01T18:42:23+0530  WARNING   [job:-]  Network or database error during poll cycle: [Errno 11001] getaddrinfo failed
2026-10-01T18:42:24+0530  WARNING   [job:-]  Network or database error during poll cycle: [Errno 11001] getaddrinfo failed
2026-10-01T18:42:28+0530  WARNING   [job:-]  Network or database error during poll cycle: [Errno 11001] getaddrinfo failed
2026-10-01T18:42:29+0530  WARNING   [job:-]  Network or database error during poll cycle: [Errno 11001] getaddrinfo failed
2026-10-01T18:42:33+0530  WARNING   [job:-]  Network or database error during poll cycle: [Errno 11001] getaddrinfo failed
2026-10-01T18:42:34+0530  WARNING   [job:-]  Network or database error during poll cycle: [Errno 11001] getaddrinfo failed
2026-10-01T18:42:38+0530  WARNING   [job:-]  Network or database error during poll cycle: [Errno 11001] getaddrinfo failed
2026-10-01T18:42:39+0530  WARNING   [job:-]  Network or database error during poll cycle: [Errno 11001] getaddrinfo failed
2026-10-01T18:42:43+0530  WARNING   [job:-]  Network or database error during poll cycle: [Errno 11001] getaddrinfo failed
2026-10-01T18:42:44+0530  WARNING   [job:-]  Network or database error during poll cycle: [Errno 11001] getaddrinfo failed
2026-10-01T18:42:48+0530  WARNING   [job:-]  Network or database error during poll cycle: [Errno 11001] getaddrinfo failed
2026-10-01T18:42:49+0530  WARNING   [job:-]  Network or database error during poll cycle: [Errno 11001] getaddrinfo failed
2026-10-01T18:42:53+0530  WARNING   [job:-]  Network or database error during poll cycle: [Errno 11001] getaddrinfo failed
2026-10-01T18:42:54+0530  WARNING   [job:-]  Network or database error during poll cycle: [Errno 11001] getaddrinfo failed
2026-10-01T18:42:58+0530  WARNING   [job:-]  Network or database error during poll cycle: [Errno 11001] getaddrinfo failed
2026-10-01T18:42:59+0530  WARNING   [job:-]  Network or database error during poll cycle: [Errno 11001] getaddrinfo failed
2026-10-01T18:43:03+0530  WARNING   [job:-]  Network or database error during poll cycle: [Errno 11001] getaddrinfo failed
2026-10-01T18:43:04+0530  WARNING   [job:-]  Network or database error during poll cycle: [Errno 11001] getaddrinfo failed
2026-10-01T18:43:08+0530  WARNING   [job:-]  Network or database error during poll cycle: [Errno 11001] getaddrinfo failed
2026-10-01T18:43:09+0530  WARNING   [job:-]  Network or database error during poll cycle: [Errno 11001] getaddrinfo failed
2026-10-01T18:43:13+0530  WARNING   [job:-]  Network or database error during poll cycle: [Errno 11001] getaddrinfo failed
2026-10-01T18:43:14+0530  WARNING   [job:-]  Network or database error during poll cycle: [Errno 11001] getaddrinfo failed
2026-10-01T18:43:18+0530  WARNING   [job:-]  Network or database error during poll cycle: [Errno 11001] getaddrinfo failed
2026-10-01T18:43:19+0530  WARNING   [job:-]  Network or database error during poll cycle: [Errno 11001] getaddrinfo failed
2026-10-01T18:43:23+0530  WARNING   [job:-]  Network or database error during poll cycle: [Errno 11001] getaddrinfo failed
2026-10-01T18:43:24+0530  WARNING   [job:-]  Network or database error during poll cycle: [Errno 11001] getaddrinfo failed
2026-10-01T18:43:28+0530  WARNING   [job:-]  Network or database error during poll cycle: [Errno 11001] getaddrinfo failed
2026-10-01T18:43:29+0530  WARNING   [job:-]  Network or database error during poll cycle: [Errno 11001] getaddrinfo failed
2026-10-01T18:43:33+0530  WARNING   [job:-]  Network or database error during poll cycle: [Errno 11001] getaddrinfo failed
2026-10-01T18:43:34+0530  WARNING   [job:-]  Network or database error during poll cycle: [Errno 11001] getaddrinfo failed
2026-10-01T18:43:38+0530  WARNING   [job:-]  Network or database error during poll cycle: [Errno 11001] getaddrinfo failed
2026-10-01T18:43:39+0530  WARNING   [job:-]  Network or database error during poll cycle: [Errno 11001] getaddrinfo failed
2026-10-01T18:43:43+0530  WARNING   [job:-]  Network or database error during poll cycle: [Errno 11001] getaddrinfo failed
2026-10-01T18:43:44+0530  WARNING   [job:-]  Network or database error during poll cycle: [Errno 11001] getaddrinfo failed
2026-10-01T18:43:48+0530  WARNING   [job:-]  Network or database error during poll cycle: [Errno 11001] getaddrinfo failed
2026-10-01T18:43:49+0530  WARNING   [job:-]  Network or database error during poll cycle: [Errno 11001] getaddrinfo failed
2026-10-01T18:43:53+0530  WARNING   [job:-]  Network or database error during poll cycle: [Errno 11001] getaddrinfo failed
2026-10-01T18:43:54+0530  WARNING   [job:-]  Network or database error during poll cycle: [Errno 11001] getaddrinfo failed
2026-10-01T18:43:58+0530  WARNING   [job:-]  Network or database error during poll cycle: [Errno 11001] getaddrinfo failed
2026-10-01T18:43:59+0530  WARNING   [job:-]  Network or database error during poll cycle: [Errno 11001] getaddrinfo failed
2026-10-01T18:44:03+0530  WARNING   [job:-]  Network or database error during poll cycle: [Errno 11001] getaddrinfo failed
2026-10-01T18:44:04+0530  WARNING   [job:-]  Network or database error during poll cycle: [Errno 11001] getaddrinfo failed
2026-10-01T18:44:08+0530  WARNING   [job:-]  Network or database error during poll cycle: [Errno 11001] getaddrinfo failed
2026-10-01T18:44:09+0530  WARNING   [job:-]  Network or database error during poll cycle: [Errno 11001] getaddrinfo failed
2026-10-01T18:44:13+0530  WARNING   [job:-]  Network or database error during poll cycle: [Errno 11001] getaddrinfo failed
2026-10-01T18:44:14+0530  WARNING   [job:-]  Network or database error during poll cycle: [Errno 11001] getaddrinfo failed
2026-10-01T18:44:18+0530  WARNING   [job:-]  Network or database error during poll cycle: [Errno 11001] getaddrinfo failed
2026-10-01T18:44:19+0530  WARNING   [job:-]  Network or database error during poll cycle: [Errno 11001] getaddrinfo failed
2026-10-01T18:44:23+0530  WARNING   [job:-]  Network or database error during poll cycle: [Errno 11001] getaddrinfo failed
2026-10-01T18:44:24+0530  WARNING   [job:-]  Network or database error during poll cycle: [Errno 11001] getaddrinfo failed
2026-10-01T18:44:28+0530  WARNING   [job:-]  Network or database error during poll cycle: [Errno 11001] getaddrinfo failed
2026-10-01T18:44:29+0530  WARNING   [job:-]  Network or database error during poll cycle: [Errno 11001] getaddrinfo failed
2026-10-01T18:44:33+0530  WARNING   [job:-]  Network or database error during poll cycle: [Errno 11001] getaddrinfo failed
2026-10-01T18:44:34+0530  WARNING   [job:-]  Network or database error during poll cycle: [Errno 11001] getaddrinfo failed
2026-10-01T18:44:38+0530  WARNING   [job:-]  Network or database error during poll cycle: [Errno 11001] getaddrinfo failed
2026-10-01T18:44:39+0530  WARNING   [job:-]  Network or database error during poll cycle: [Errno 11001] getaddrinfo failed
2026-10-01T18:44:43+0530  WARNING   [job:-]  Network or database error during poll cycle: [Errno 11001] getaddrinfo failed
2026-10-01T18:44:44+0530  WARNING   [job:-]  Network or database error during poll cycle: [Errno 11001] getaddrinfo failed
2026-10-01T18:44:48+0530  WARNING   [job:-]  Network or database error during poll cycle: [Errno 11001] getaddrinfo failed
2026-10-01T18:44:49+0530  WARNING   [job:-]  Network or database error during poll cycle: [Errno 11001] getaddrinfo failed
2026-10-01T18:44:53+0530  WARNING   [job:-]  Network or database error during poll cycle: [Errno 11001] getaddrinfo failed
2026-10-01T18:44:54+0530  WARNING   [job:-]  Network or database error during poll cycle: [Errno 11001] getaddrinfo failed
2026-10-01T18:44:58+0530  WARNING   [job:-]  Network or database error during poll cycle: [Errno 11001] getaddrinfo failed
2026-10-01T18:44:59+0530  WARNING   [job:-]  Network or database error during poll cycle: [Errno 11001] getaddrinfo failed
2026-10-01T18:45:03+0530  WARNING   [job:-]  Network or database error during poll cycle: [Errno 11001] getaddrinfo failed
2026-10-01T18:45:04+0530  WARNING   [job:-]  Network or database error during poll cycle: [Errno 11001] getaddrinfo failed
2026-10-01T18:45:08+0530  WARNING   [job:-]  Network or database error during poll cycle: [Errno 11001] getaddrinfo failed
2026-10-01T18:45:09+0530  WARNING   [job:-]  Network or database error during poll cycle: [Errno 11001] getaddrinfo failed
2026-10-01T18:45:13+0530  WARNING   [job:-]  Network or database error during poll cycle: [Errno 11001] getaddrinfo failed
2026-10-01T18:45:14+0530  WARNING   [job:-]  Network or database error during poll cycle: [Errno 11001] getaddrinfo failed
2026-10-01T18:45:18+0530  WARNING   [job:-]  Network or database error during poll cycle: [Errno 11001] getaddrinfo failed
2026-10-01T18:45:19+0530  WARNING   [job:-]  Network or database error during poll cycle: [Errno 11001] getaddrinfo failed
2026-10-01T18:45:23+0530  WARNING   [job:-]  Network or database error during poll cycle: [Errno 11001] getaddrinfo failed
2026-10-01T18:45:24+0530  WARNING   [job:-]  Network or database error during poll cycle: [Errno 11001] getaddrinfo failed
2026-10-01T18:45:28+0530  WARNING   [job:-]  Network or database error during poll cycle: [Errno 11001] getaddrinfo failed
2026-10-01T18:45:29+0530  WARNING   [job:-]  Network or database error during poll cycle: [Errno 11001] getaddrinfo failed
2026-10-01T18:45:33+0530  WARNING   [job:-]  Network or database error during poll cycle: [Errno 11001] getaddrinfo failed
2026-10-01T18:45:34+0530  WARNING   [job:-]  Network or database error during poll cycle: [Errno 11001] getaddrinfo failed
2026-10-01T18:45:38+0530  WARNING   [job:-]  Network or database error during poll cycle: [Errno 11001] getaddrinfo failed
2026-10-01T18:45:39+0530  WARNING   [job:-]  Network or database error during poll cycle: [Errno 11001] getaddrinfo failed
2026-10-01T18:45:43+0530  WARNING   [job:-]  Network or database error during poll cycle: [Errno 11001] getaddrinfo failed
2026-10-01T18:45:44+0530  WARNING   [job:-]  Network or database error during poll cycle: [Errno 11001] getaddrinfo failed
2026-10-01T18:45:48+0530  WARNING   [job:-]  Network or database error during poll cycle: [Errno 11001] getaddrinfo failed
2026-10-01T18:45:49+0530  WARNING   [job:-]  Network or database error during poll cycle: [Errno 11001] getaddrinfo failed
2026-10-01T18:45:53+0530  WARNING   [job:-]  Network or database error during poll cycle: [Errno 11001] getaddrinfo failed
2026-10-01T18:45:54+0530  WARNING   [job:-]  Network or database error during poll cycle: [Errno 11001] getaddrinfo failed
2026-10-01T18:45:58+0530  WARNING   [job:-]  Network or database error during poll cycle: [Errno 11001] getaddrinfo failed
2026-10-01T18:45:59+0530  WARNING   [job:-]  Network or database error during poll cycle: [Errno 11001] getaddrinfo failed
2026-10-01T18:46:04+0530  WARNING   [job:-]  Network or database error during poll cycle: [Errno 11001] getaddrinfo failed
2026-10-01T18:46:04+0530  WARNING   [job:-]  Network or database error during poll cycle: [Errno 11001] getaddrinfo failed
2026-10-01T18:46:09+0530  WARNING   [job:-]  Network or database error during poll cycle: [Errno 11001] getaddrinfo failed
2026-10-01T18:46:09+0530  WARNING   [job:-]  Network or database error during poll cycle: [Errno 11001] getaddrinfo failed
2026-10-01T18:46:14+0530  WARNING   [job:-]  Network or database error during poll cycle: [Errno 11001] getaddrinfo failed
2026-10-01T18:46:14+0530  WARNING   [job:-]  Network or database error during poll cycle: [Errno 11001] getaddrinfo failed
2026-10-01T18:46:19+0530  WARNING   [job:-]  Network or database error during poll cycle: [Errno 11001] getaddrinfo failed
2026-10-01T18:46:19+0530  WARNING   [job:-]  Network or database error during poll cycle: [Errno 11001] getaddrinfo failed
2026-10-01T18:46:24+0530  WARNING   [job:-]  Network or database error during poll cycle: [Errno 11001] getaddrinfo failed
2026-10-01T18:46:24+0530  WARNING   [job:-]  Network or database error during poll cycle: [Errno 11001] getaddrinfo failed
2026-10-01T18:46:29+0530  WARNING   [job:-]  Network or database error during poll cycle: [Errno 11001] getaddrinfo failed
2026-10-01T18:46:29+0530  WARNING   [job:-]  Network or database error during poll cycle: [Errno 11001] getaddrinfo failed
2026-10-01T18:46:34+0530  WARNING   [job:-]  Network or database error during poll cycle: [Errno 11001] getaddrinfo failed
2026-10-01T18:46:34+0530  WARNING   [job:-]  Network or database error during poll cycle: [Errno 11001] getaddrinfo failed
2026-10-01T18:46:39+0530  WARNING   [job:-]  Network or database error during poll cycle: [Errno 11001] getaddrinfo failed
2026-10-01T18:46:39+0530  WARNING   [job:-]  Network or database error during poll cycle: [Errno 11001] getaddrinfo failed
2026-10-01T18:46:44+0530  WARNING   [job:-]  Network or database error during poll cycle: [Errno 11001] getaddrinfo failed
2026-10-01T18:46:44+0530  WARNING   [job:-]  Network or database error during poll cycle: [Errno 11001] getaddrinfo failed
2026-10-01T18:46:49+0530  WARNING   [job:-]  Network or database error during poll cycle: [Errno 11001] getaddrinfo failed
2026-10-01T18:46:49+0530  WARNING   [job:-]  Network or database error during poll cycle: [Errno 11001] getaddrinfo failed
2026-10-01T18:46:54+0530  WARNING   [job:-]  Network or database error during poll cycle: [Errno 11001] getaddrinfo failed
2026-10-01T18:46:54+0530  WARNING   [job:-]  Network or database error during poll cycle: [Errno 11001] getaddrinfo failed
2026-10-01T18:46:59+0530  WARNING   [job:-]  Network or database error during poll cycle: [Errno 11001] getaddrinfo failed
2026-10-01T18:46:59+0530  WARNING   [job:-]  Network or database error during poll cycle: [Errno 11001] getaddrinfo failed
2026-10-01T18:47:04+0530  WARNING   [job:-]  Network or database error during poll cycle: [Errno 11001] getaddrinfo failed
2026-10-01T18:47:04+0530  WARNING   [job:-]  Network or database error during poll cycle: [Errno 11001] getaddrinfo failed
2026-10-01T18:47:09+0530  WARNING   [job:-]  Network or database error during poll cycle: [Errno 11001] getaddrinfo failed
2026-10-01T18:47:09+0530  WARNING   [job:-]  Network or database error during poll cycle: [Errno 11001] getaddrinfo failed
2026-10-01T18:47:14+0530  WARNING   [job:-]  Network or database error during poll cycle: [Errno 11001] getaddrinfo failed
2026-10-01T18:47:14+0530  WARNING   [job:-]  Network or database error during poll cycle: [Errno 11001] getaddrinfo failed
2026-10-01T18:47:19+0530  WARNING   [job:-]  Network or database error during poll cycle: [Errno 11001] getaddrinfo failed
2026-10-01T18:47:19+0530  WARNING   [job:-]  Network or database error during poll cycle: [Errno 11001] getaddrinfo failed
2026-10-01T18:47:24+0530  WARNING   [job:-]  Network or database error during poll cycle: [Errno 11001] getaddrinfo failed
2026-10-01T18:47:24+0530  WARNING   [job:-]  Network or database error during poll cycle: [Errno 11001] getaddrinfo failed
2026-10-01T18:47:29+0530  WARNING   [job:-]  Network or database error during poll cycle: [Errno 11001] getaddrinfo failed
2026-10-01T18:47:29+0530  WARNING   [job:-]  Network or database error during poll cycle: [Errno 11001] getaddrinfo failed
2026-10-01T18:47:34+0530  WARNING   [job:-]  Network or database error during poll cycle: [Errno 11001] getaddrinfo failed
2026-10-01T18:47:34+0530  WARNING   [job:-]  Network or database error during poll cycle: [Errno 11001] getaddrinfo failed
2026-10-01T18:47:39+0530  WARNING   [job:-]  Network or database error during poll cycle: [Errno 11001] getaddrinfo failed
2026-10-01T18:47:39+0530  WARNING   [job:-]  Network or database error during poll cycle: [Errno 11001] getaddrinfo failed
2026-10-01T18:47:44+0530  WARNING   [job:-]  Network or database error during poll cycle: [Errno 11001] getaddrinfo failed
2026-10-01T18:47:44+0530  WARNING   [job:-]  Network or database error during poll cycle: [Errno 11001] getaddrinfo failed
2026-10-01T18:47:49+0530  WARNING   [job:-]  Network or database error during poll cycle: [Errno 11001] getaddrinfo failed
2026-10-01T18:47:49+0530  WARNING   [job:-]  Network or database error during poll cycle: [Errno 11001] getaddrinfo failed
2026-10-01T18:47:54+0530  WARNING   [job:-]  Network or database error during poll cycle: [Errno 11001] getaddrinfo failed
2026-10-01T18:47:54+0530  WARNING   [job:-]  Network or database error during poll cycle: [Errno 11001] getaddrinfo failed
2026-10-01T18:47:59+0530  WARNING   [job:-]  Network or database error during poll cycle: [Errno 11001] getaddrinfo failed
2026-10-01T18:47:59+0530  WARNING   [job:-]  Network or database error during poll cycle: [Errno 11001] getaddrinfo failed
2026-10-01T18:48:04+0530  WARNING   [job:-]  Network or database error during poll cycle: [Errno 11001] getaddrinfo failed
2026-10-01T18:48:04+0530  WARNING   [job:-]  Network or database error during poll cycle: [Errno 11001] getaddrinfo failed
2026-10-01T18:48:09+0530  WARNING   [job:-]  Network or database error during poll cycle: [Errno 11001] getaddrinfo failed
2026-10-01T18:48:09+0530  WARNING   [job:-]  Network or database error during poll cycle: [Errno 11001] getaddrinfo failed
2026-10-01T18:48:14+0530  WARNING   [job:-]  Network or database error during poll cycle: [Errno 11001] getaddrinfo failed
2026-10-01T18:48:14+0530  WARNING   [job:-]  Network or database error during poll cycle: [Errno 11001] getaddrinfo failed
2026-10-01T18:48:19+0530  WARNING   [job:-]  Network or database error during poll cycle: [Errno 11001] getaddrinfo failed
2026-10-01T18:48:19+0530  WARNING   [job:-]  Network or database error during poll cycle: [Errno 11001] getaddrinfo failed
2026-10-01T18:48:24+0530  WARNING   [job:-]  Network or database error during poll cycle: [Errno 11001] getaddrinfo failed
2026-10-01T18:48:24+0530  WARNING   [job:-]  Network or database error during poll cycle: [Errno 11001] getaddrinfo failed
2026-10-01T18:48:29+0530  WARNING   [job:-]  Network or database error during poll cycle: [Errno 11001] getaddrinfo failed
2026-10-01T18:48:29+0530  WARNING   [job:-]  Network or database error during poll cycle: [Errno 11001] getaddrinfo failed
2026-10-01T18:48:34+0530  WARNING   [job:-]  Network or database error during poll cycle: [Errno 11001] getaddrinfo failed
2026-10-01T18:48:34+0530  WARNING   [job:-]  Network or database error during poll cycle: [Errno 11001] getaddrinfo failed
2026-10-01T18:48:39+0530  WARNING   [job:-]  Network or database error during poll cycle: [Errno 11001] getaddrinfo failed
2026-10-01T18:48:39+0530  WARNING   [job:-]  Network or database error during poll cycle: [Errno 11001] getaddrinfo failed
2026-10-01T18:48:44+0530  WARNING   [job:-]  Network or database error during poll cycle: [Errno 11001] getaddrinfo failed
2026-10-01T18:48:44+0530  WARNING   [job:-]  Network or database error during poll cycle: [Errno 11001] getaddrinfo failed
2026-10-01T18:48:49+0530  WARNING   [job:-]  Network or database error during poll cycle: [Errno 11001] getaddrinfo failed
2026-10-01T18:48:49+0530  WARNING   [job:-]  Network or database error during poll cycle: [Errno 11001] getaddrinfo failed
2026-10-01T18:48:54+0530  WARNING   [job:-]  Network or database error during poll cycle: [Errno 11001] getaddrinfo failed
2026-10-01T18:48:54+0530  WARNING   [job:-]  Network or database error during poll cycle: [Errno 11001] getaddrinfo failed
2026-10-01T18:48:59+0530  WARNING   [job:-]  Network or database error during poll cycle: [Errno 11001] getaddrinfo failed
2026-10-01T18:48:59+0530  WARNING   [job:-]  Network or database error during poll cycle: [Errno 11001] getaddrinfo failed
2026-10-01T18:49:04+0530  WARNING   [job:-]  Network or database error during poll cycle: [Errno 11001] getaddrinfo failed
2026-10-01T18:49:04+0530  WARNING   [job:-]  Network or database error during poll cycle: [Errno 11001] getaddrinfo failed
2026-10-01T18:49:09+0530  WARNING   [job:-]  Network or database error during poll cycle: [Errno 11001] getaddrinfo failed
2026-10-01T18:49:09+0530  WARNING   [job:-]  Network or database error during poll cycle: [Errno 11001] getaddrinfo failed
2026-10-01T18:49:14+0530  WARNING   [job:-]  Network or database error during poll cycle: [Errno 11001] getaddrinfo failed
2026-10-01T18:49:14+0530  WARNING   [job:-]  Network or database error during poll cycle: [Errno 11001] getaddrinfo failed
2026-10-01T18:49:19+0530  WARNING   [job:-]  Network or database error during poll cycle: [Errno 11001] getaddrinfo failed
2026-10-01T18:49:19+0530  WARNING   [job:-]  Network or database error during poll cycle: [Errno 11001] getaddrinfo failed
2026-10-01T18:49:24+0530  WARNING   [job:-]  Network or database error during poll cycle: [Errno 11001] getaddrinfo failed
2026-10-01T18:49:24+0530  WARNING   [job:-]  Network or database error during poll cycle: [Errno 11001] getaddrinfo failed
2026-10-01T18:49:29+0530  WARNING   [job:-]  Network or database error during poll cycle: [Errno 11001] getaddrinfo failed
2026-10-01T18:49:29+0530  WARNING   [job:-]  Network or database error during poll cycle: [Errno 11001] getaddrinfo failed
2026-10-01T18:49:34+0530  WARNING   [job:-]  Network or database error during poll cycle: [Errno 11001] getaddrinfo failed
2026-10-01T18:49:34+0530  WARNING   [job:-]  Network or database error during poll cycle: [Errno 11001] getaddrinfo failed
2026-10-01T18:49:39+0530  WARNING   [job:-]  Network or database error during poll cycle: [Errno 11001] getaddrinfo failed
2026-10-01T18:49:39+0530  WARNING   [job:-]  Network or database error during poll cycle: [Errno 11001] getaddrinfo failed
2026-10-01T18:49:44+0530  WARNING   [job:-]  Network or database error during poll cycle: [Errno 11001] getaddrinfo failed
2026-10-01T18:49:44+0530  WARNING   [job:-]  Network or database error during poll cycle: [Errno 11001] getaddrinfo failed
2026-10-01T18:49:49+0530  WARNING   [job:-]  Network or database error during poll cycle: [Errno 11001] getaddrinfo failed
2026-10-01T18:49:49+0530  WARNING   [job:-]  Network or database error during poll cycle: [Errno 11001] getaddrinfo failed
2026-10-01T18:49:54+0530  WARNING   [job:-]  Network or database error during poll cycle: [Errno 11001] getaddrinfo failed
2026-10-01T18:49:54+0530  WARNING   [job:-]  Network or database error during poll cycle: [Errno 11001] getaddrinfo failed
2026-10-01T18:50:01+0530  DEBUG     [job:-]  Polling cycle complete: no qualifying jobs
2026-10-01T18:50:01+0530  DEBUG     [job:-]  Polling cycle complete: no qualifying jobs
2026-10-01T18:50:07+0530  DEBUG     [job:-]  Polling cycle complete: no qualifying jobs
2026-10-01T18:50:07+0530  DEBUG     [job:-]  Polling cycle complete: no qualifying jobs
2026-10-01T18:50:12+0530  DEBUG     [job:-]  Polling cycle complete: no qualifying jobs
2026-10-01T18:50:13+0530  DEBUG     [job:-]  Polling cycle complete: no qualifying jobs
2026-10-01T18:50:18+0530  DEBUG     [job:-]  Polling cycle complete: no qualifying jobs
2026-10-01T18:50:19+0530  DEBUG     [job:-]  Polling cycle complete: no qualifying jobs
2026-10-01T18:50:23+0530  DEBUG     [job:-]  Polling cycle complete: no qualifying jobs
2026-10-01T18:50:24+0530  DEBUG     [job:-]  Polling cycle complete: no qualifying jobs
2026-10-01T18:50:29+0530  DEBUG     [job:-]  Polling cycle complete: no qualifying jobs
2026-10-01T18:50:30+0530  DEBUG     [job:-]  Polling cycle complete: no qualifying jobs
2026-10-01T18:50:34+0530  DEBUG     [job:-]  Polling cycle complete: no qualifying jobs
2026-10-01T18:50:35+0530  DEBUG     [job:-]  Polling cycle complete: no qualifying jobs
2026-10-01T18:50:40+0530  DEBUG     [job:-]  Polling cycle complete: no qualifying jobs
2026-10-01T18:50:41+0530  DEBUG     [job:-]  Polling cycle complete: no qualifying jobs
2026-10-01T18:50:45+0530  DEBUG     [job:-]  Polling cycle complete: no qualifying jobs
2026-10-01T18:50:47+0530  DEBUG     [job:-]  Polling cycle complete: no qualifying jobs
2026-10-01T18:50:51+0530  DEBUG     [job:-]  Polling cycle complete: no qualifying jobs
2026-10-01T18:50:52+0530  DEBUG     [job:-]  Polling cycle complete: no qualifying jobs
2026-10-01T18:50:57+0530  DEBUG     [job:-]  Polling cycle complete: no qualifying jobs
2026-10-01T18:50:57+0530  DEBUG     [job:-]  Polling cycle complete: no qualifying jobs
2026-10-01T18:51:02+0530  DEBUG     [job:-]  Polling cycle complete: no qualifying jobs
2026-10-01T18:51:03+0530  DEBUG     [job:-]  Polling cycle complete: no qualifying jobs
2026-10-01T18:51:08+0530  DEBUG     [job:-]  Polling cycle complete: no qualifying jobs
2026-10-01T18:51:08+0530  DEBUG     [job:-]  Polling cycle complete: no qualifying jobs
2026-10-01T18:51:13+0530  DEBUG     [job:-]  Polling cycle complete: no qualifying jobs
2026-10-01T18:51:14+0530  DEBUG     [job:-]  Polling cycle complete: no qualifying jobs
2026-10-01T18:51:19+0530  DEBUG     [job:-]  Polling cycle complete: no qualifying jobs
2026-10-01T18:51:19+0530  DEBUG     [job:-]  Polling cycle complete: no qualifying jobs
2026-10-01T18:51:24+0530  DEBUG     [job:-]  Polling cycle complete: no qualifying jobs
2026-10-01T18:51:25+0530  DEBUG     [job:-]  Polling cycle complete: no qualifying jobs
2026-10-01T18:51:29+0530  DEBUG     [job:-]  Polling cycle complete: no qualifying jobs
2026-10-01T18:51:30+0530  DEBUG     [job:-]  Polling cycle complete: no qualifying jobs
2026-10-01T18:51:35+0530  DEBUG     [job:-]  Polling cycle complete: no qualifying jobs
2026-10-01T18:51:36+0530  DEBUG     [job:-]  Polling cycle complete: no qualifying jobs
2026-10-01T18:51:40+0530  DEBUG     [job:-]  Polling cycle complete: no qualifying jobs
2026-10-01T18:51:41+0530  DEBUG     [job:-]  Polling cycle complete: no qualifying jobs
2026-10-01T18:51:46+0530  DEBUG     [job:-]  Polling cycle complete: no qualifying jobs
2026-10-01T18:51:46+0530  DEBUG     [job:-]  Polling cycle complete: no qualifying jobs
2026-10-01T18:51:52+0530  DEBUG     [job:-]  Polling cycle complete: no qualifying jobs
2026-10-01T18:51:52+0530  DEBUG     [job:-]  Polling cycle complete: no qualifying jobs
2026-10-01T18:51:57+0530  DEBUG     [job:-]  Polling cycle complete: no qualifying jobs
2026-10-01T18:51:58+0530  DEBUG     [job:-]  Polling cycle complete: no qualifying jobs
2026-10-01T18:52:03+0530  DEBUG     [job:-]  Polling cycle complete: no qualifying jobs
2026-10-01T18:52:03+0530  DEBUG     [job:-]  Polling cycle complete: no qualifying jobs
2026-10-01T18:52:08+0530  DEBUG     [job:-]  Polling cycle complete: no qualifying jobs
2026-10-01T18:52:09+0530  DEBUG     [job:-]  Polling cycle complete: no qualifying jobs
2026-10-01T18:52:14+0530  DEBUG     [job:-]  Polling cycle complete: no qualifying jobs
2026-10-01T18:52:14+0530  DEBUG     [job:-]  Polling cycle complete: no qualifying jobs
2026-10-01T18:52:19+0530  DEBUG     [job:-]  Polling cycle complete: no qualifying jobs
2026-10-01T18:52:20+0530  DEBUG     [job:-]  Polling cycle complete: no qualifying jobs
2026-10-01T18:52:24+0530  DEBUG     [job:-]  Polling cycle complete: no qualifying jobs
2026-10-01T18:52:25+0530  DEBUG     [job:-]  Polling cycle complete: no qualifying jobs
2026-10-01T18:52:30+0530  DEBUG     [job:-]  Polling cycle complete: no qualifying jobs
2026-10-01T18:52:31+0530  DEBUG     [job:-]  Polling cycle complete: no qualifying jobs
2026-10-01T18:52:35+0530  DEBUG     [job:-]  Polling cycle complete: no qualifying jobs
2026-10-01T18:52:36+0530  DEBUG     [job:-]  Polling cycle complete: no qualifying jobs
2026-10-01T18:52:41+0530  DEBUG     [job:-]  Polling cycle complete: no qualifying jobs
2026-10-01T18:52:42+0530  DEBUG     [job:-]  Polling cycle complete: no qualifying jobs
2026-10-01T18:52:46+0530  DEBUG     [job:-]  Polling cycle complete: no qualifying jobs
2026-10-01T18:52:47+0530  DEBUG     [job:-]  Polling cycle complete: no qualifying jobs
2026-10-01T18:52:52+0530  DEBUG     [job:-]  Polling cycle complete: no qualifying jobs
2026-10-01T18:52:53+0530  DEBUG     [job:-]  Polling cycle complete: no qualifying jobs
2026-10-01T18:52:57+0530  DEBUG     [job:-]  Polling cycle complete: no qualifying jobs
2026-10-01T18:52:58+0530  DEBUG     [job:-]  Polling cycle complete: no qualifying jobs
2026-10-01T18:53:03+0530  DEBUG     [job:-]  Polling cycle complete: no qualifying jobs
2026-10-01T18:53:04+0530  DEBUG     [job:-]  Polling cycle complete: no qualifying jobs
2026-10-01T18:53:08+0530  DEBUG     [job:-]  Polling cycle complete: no qualifying jobs
2026-10-01T18:53:09+0530  DEBUG     [job:-]  Polling cycle complete: no qualifying jobs
2026-10-01T18:53:14+0530  DEBUG     [job:-]  Polling cycle complete: no qualifying jobs
2026-10-01T18:53:14+0530  DEBUG     [job:-]  Polling cycle complete: no qualifying jobs
2026-10-01T18:53:19+0530  DEBUG     [job:-]  Polling cycle complete: no qualifying jobs
2026-10-01T18:53:20+0530  DEBUG     [job:-]  Polling cycle complete: no qualifying jobs
2026-10-01T18:53:25+0530  DEBUG     [job:-]  Polling cycle complete: no qualifying jobs
2026-10-01T18:53:25+0530  DEBUG     [job:-]  Polling cycle complete: no qualifying jobs
2026-10-01T18:53:30+0530  DEBUG     [job:-]  Polling cycle complete: no qualifying jobs
2026-10-01T18:53:31+0530  DEBUG     [job:-]  Polling cycle complete: no qualifying jobs
2026-10-01T18:53:36+0530  DEBUG     [job:-]  Polling cycle complete: no qualifying jobs
2026-10-01T18:53:37+0530  DEBUG     [job:-]  Polling cycle complete: no qualifying jobs
2026-10-01T18:53:41+0530  DEBUG     [job:-]  Polling cycle complete: no qualifying jobs
2026-10-01T18:53:42+0530  DEBUG     [job:-]  Polling cycle complete: no qualifying jobs
2026-10-01T18:53:47+0530  DEBUG     [job:-]  Polling cycle complete: no qualifying jobs
2026-10-01T18:53:48+0530  DEBUG     [job:-]  Polling cycle complete: no qualifying jobs
2026-10-01T18:53:52+0530  DEBUG     [job:-]  Polling cycle complete: no qualifying jobs
2026-10-01T18:53:53+0530  DEBUG     [job:-]  Polling cycle complete: no qualifying jobs
2026-10-01T18:53:58+0530  DEBUG     [job:-]  Polling cycle complete: no qualifying jobs
2026-10-01T18:53:58+0530  DEBUG     [job:-]  Polling cycle complete: no qualifying jobs
2026-10-01T18:54:04+0530  INFO      [job:-]  Claimed job aa5e223c-be36-4b28-999d-c2b75d84ab91 (file: jobs/aa5e223c-be36-4b28-999d-c2b75d84ab91/InUnityxSSSE.pdf, copies: 1)
2026-10-01T18:54:04+0530  DEBUG     [job:-]  Polling cycle complete: no qualifying jobs
2026-10-01T18:54:06+0530  INFO      [job:-]  Printing job aa5e223c-be36-4b28-999d-c2b75d84ab91 to printer 'HP LaserJet Professional M1136 MFP'...
2026-10-01T18:54:08+0530  INFO      [job:-]  Job aa5e223c-be36-4b28-999d-c2b75d84ab91 successfully printed and marked PRINTED
2026-10-01T18:54:08+0530  DEBUG     [job:-]  Cleaned up temp file C:\Users\USER\AppData\Local\Temp\a4_kiosk_downloads\InUnityxSSSE.pdf
2026-10-01T18:54:10+0530  DEBUG     [job:-]  Polling cycle complete: no qualifying jobs
2026-10-01T18:54:13+0530  DEBUG     [job:-]  Polling cycle complete: no qualifying jobs
2026-10-01T18:54:15+0530  DEBUG     [job:-]  Polling cycle complete: no qualifying jobs
2026-10-01T18:54:19+0530  DEBUG     [job:-]  Polling cycle complete: no qualifying jobs
2026-10-01T18:54:21+0530  DEBUG     [job:-]  Polling cycle complete: no qualifying jobs
2026-10-01T18:54:24+0530  DEBUG     [job:-]  Polling cycle complete: no qualifying jobs
2026-10-01T18:54:26+0530  DEBUG     [job:-]  Polling cycle complete: no qualifying jobs
2026-10-01T18:54:30+0530  DEBUG     [job:-]  Polling cycle complete: no qualifying jobs
2026-10-01T18:54:32+0530  DEBUG     [job:-]  Polling cycle complete: no qualifying jobs
2026-10-01T18:54:35+0530  DEBUG     [job:-]  Polling cycle complete: no qualifying jobs
2026-10-01T18:54:37+0530  DEBUG     [job:-]  Polling cycle complete: no qualifying jobs
2026-10-01T18:54:41+0530  DEBUG     [job:-]  Polling cycle complete: no qualifying jobs
2026-10-01T18:54:43+0530  DEBUG     [job:-]  Polling cycle complete: no qualifying jobs
2026-10-01T18:54:47+0530  DEBUG     [job:-]  Polling cycle complete: no qualifying jobs
2026-10-01T18:54:48+0530  DEBUG     [job:-]  Polling cycle complete: no qualifying jobs
2026-10-01T18:54:52+0530  DEBUG     [job:-]  Polling cycle complete: no qualifying jobs
2026-10-01T18:54:54+0530  DEBUG     [job:-]  Polling cycle complete: no qualifying jobs
2026-10-01T18:54:58+0530  DEBUG     [job:-]  Polling cycle complete: no qualifying jobs
2026-10-01T18:54:59+0530  DEBUG     [job:-]  Polling cycle complete: no qualifying jobs
2026-10-01T18:55:03+0530  DEBUG     [job:-]  Polling cycle complete: no qualifying jobs
2026-10-01T18:55:05+0530  DEBUG     [job:-]  Polling cycle complete: no qualifying jobs
2026-10-01T18:55:09+0530  DEBUG     [job:-]  Polling cycle complete: no qualifying jobs
2026-10-01T18:55:10+0530  DEBUG     [job:-]  Polling cycle complete: no qualifying jobs
2026-10-01T18:55:14+0530  DEBUG     [job:-]  Polling cycle complete: no qualifying jobs
2026-10-01T18:55:16+0530  DEBUG     [job:-]  Polling cycle complete: no qualifying jobs
2026-10-01T18:55:20+0530  DEBUG     [job:-]  Polling cycle complete: no qualifying jobs
2026-10-01T18:55:22+0530  DEBUG     [job:-]  Polling cycle complete: no qualifying jobs
2026-10-01T18:55:25+0530  DEBUG     [job:-]  Polling cycle complete: no qualifying jobs
2026-10-01T18:55:27+0530  DEBUG     [job:-]  Polling cycle complete: no qualifying jobs
2026-10-01T18:55:31+0530  DEBUG     [job:-]  Polling cycle complete: no qualifying jobs
2026-10-01T18:55:33+0530  DEBUG     [job:-]  Polling cycle complete: no qualifying jobs
2026-10-01T18:55:36+0530  DEBUG     [job:-]  Polling cycle complete: no qualifying jobs
2026-10-01T18:55:38+0530  DEBUG     [job:-]  Polling cycle complete: no qualifying jobs
2026-10-01T18:55:42+0530  DEBUG     [job:-]  Polling cycle complete: no qualifying jobs
2026-10-01T18:55:44+0530  DEBUG     [job:-]  Polling cycle complete: no qualifying jobs
2026-10-01T18:55:47+0530  DEBUG     [job:-]  Polling cycle complete: no qualifying jobs
2026-10-01T18:55:49+0530  DEBUG     [job:-]  Polling cycle complete: no qualifying jobs
2026-10-01T18:55:53+0530  DEBUG     [job:-]  Polling cycle complete: no qualifying jobs
2026-10-01T18:55:55+0530  DEBUG     [job:-]  Polling cycle complete: no qualifying jobs
2026-10-01T18:55:58+0530  DEBUG     [job:-]  Polling cycle complete: no qualifying jobs
2026-10-01T18:56:00+0530  DEBUG     [job:-]  Polling cycle complete: no qualifying jobs
2026-10-01T18:56:04+0530  DEBUG     [job:-]  Polling cycle complete: no qualifying jobs
2026-10-01T18:56:06+0530  DEBUG     [job:-]  Polling cycle complete: no qualifying jobs
2026-10-01T18:56:09+0530  DEBUG     [job:-]  Polling cycle complete: no qualifying jobs
2026-10-01T18:56:11+0530  DEBUG     [job:-]  Polling cycle complete: no qualifying jobs
2026-10-01T18:56:15+0530  DEBUG     [job:-]  Polling cycle complete: no qualifying jobs
2026-10-01T18:56:17+0530  DEBUG     [job:-]  Polling cycle complete: no qualifying jobs
2026-10-01T18:56:20+0530  DEBUG     [job:-]  Polling cycle complete: no qualifying jobs
2026-10-01T18:56:22+0530  DEBUG     [job:-]  Polling cycle complete: no qualifying jobs
2026-10-01T18:56:26+0530  DEBUG     [job:-]  Polling cycle complete: no qualifying jobs
2026-10-01T18:56:28+0530  DEBUG     [job:-]  Polling cycle complete: no qualifying jobs
2026-10-01T18:56:32+0530  DEBUG     [job:-]  Polling cycle complete: no qualifying jobs
2026-10-01T18:56:34+0530  DEBUG     [job:-]  Polling cycle complete: no qualifying jobs
2026-10-01T18:56:37+0530  DEBUG     [job:-]  Polling cycle complete: no qualifying jobs
2026-10-01T18:56:39+0530  DEBUG     [job:-]  Polling cycle complete: no qualifying jobs
2026-10-01T18:56:43+0530  DEBUG     [job:-]  Polling cycle complete: no qualifying jobs
2026-10-01T18:56:45+0530  DEBUG     [job:-]  Polling cycle complete: no qualifying jobs
2026-10-01T18:56:48+0530  DEBUG     [job:-]  Polling cycle complete: no qualifying jobs
2026-10-01T18:56:50+0530  DEBUG     [job:-]  Polling cycle complete: no qualifying jobs
2026-10-01T18:56:54+0530  DEBUG     [job:-]  Polling cycle complete: no qualifying jobs
2026-10-01T18:56:56+0530  DEBUG     [job:-]  Polling cycle complete: no qualifying jobs
2026-10-01T18:56:59+0530  DEBUG     [job:-]  Polling cycle complete: no qualifying jobs
2026-10-01T18:57:01+0530  DEBUG     [job:-]  Polling cycle complete: no qualifying jobs
2026-10-01T18:57:05+0530  DEBUG     [job:-]  Polling cycle complete: no qualifying jobs
2026-10-01T18:57:07+0530  DEBUG     [job:-]  Polling cycle complete: no qualifying jobs
2026-10-01T18:57:10+0530  DEBUG     [job:-]  Polling cycle complete: no qualifying jobs
2026-10-01T18:57:13+0530  DEBUG     [job:-]  Polling cycle complete: no qualifying jobs
2026-10-01T18:57:16+0530  DEBUG     [job:-]  Polling cycle complete: no qualifying jobs
2026-10-01T18:57:18+0530  DEBUG     [job:-]  Polling cycle complete: no qualifying jobs
2026-10-01T18:57:21+0530  DEBUG     [job:-]  Polling cycle complete: no qualifying jobs
2026-10-01T18:57:24+0530  DEBUG     [job:-]  Polling cycle complete: no qualifying jobs
2026-10-01T18:57:27+0530  DEBUG     [job:-]  Polling cycle complete: no qualifying jobs
2026-10-01T18:57:29+0530  DEBUG     [job:-]  Polling cycle complete: no qualifying jobs
2026-10-01T18:57:33+0530  DEBUG     [job:-]  Polling cycle complete: no qualifying jobs
2026-10-01T18:57:35+0530  DEBUG     [job:-]  Polling cycle complete: no qualifying jobs
2026-10-01T18:57:38+0530  DEBUG     [job:-]  Polling cycle complete: no qualifying jobs
2026-10-01T18:57:40+0530  DEBUG     [job:-]  Polling cycle complete: no qualifying jobs
2026-10-01T18:57:44+0530  DEBUG     [job:-]  Polling cycle complete: no qualifying jobs
2026-10-01T18:57:46+0530  DEBUG     [job:-]  Polling cycle complete: no qualifying jobs
2026-10-01T18:57:49+0530  DEBUG     [job:-]  Polling cycle complete: no qualifying jobs
2026-10-01T18:57:51+0530  DEBUG     [job:-]  Polling cycle complete: no qualifying jobs
2026-10-01T18:57:55+0530  DEBUG     [job:-]  Polling cycle complete: no qualifying jobs
2026-10-01T18:57:57+0530  DEBUG     [job:-]  Polling cycle complete: no qualifying jobs
2026-10-01T18:58:00+0530  DEBUG     [job:-]  Polling cycle complete: no qualifying jobs
2026-10-01T18:58:03+0530  INFO      [job:-]  Claimed job bdfd1ce2-514e-402d-add2-d7aaef961d1e (file: jobs/bdfd1ce2-514e-402d-add2-d7aaef961d1e/Gitopia_Certification_manoj_gowda_b_h.pdf, copies: 1)
2026-10-01T18:58:06+0530  INFO      [job:-]  Printing job bdfd1ce2-514e-402d-add2-d7aaef961d1e to printer 'EPSON L3260 Series'...
2026-10-01T18:58:06+0530  DEBUG     [job:-]  Polling cycle complete: no qualifying jobs
2026-10-01T18:58:06+0530  ERROR     [job:-]  Job bdfd1ce2-514e-402d-add2-d7aaef961d1e failed during printing: Print command exited with code 1: Start-Process : This command cannot be run due to the error: No application is associated with the specified file for 
this operation.
At line:1 char:1
+ Start-Process -FilePath "C:\Users\USER\AppData\Local\Temp\a4_kiosk_do ...
+ ~~~~~~~~~~~~~~~~~~~~~~~~~~~~~~~~~~~~~~~~~~~~~~~~~~~~~~~~~~~~~~~~~~~~~
    + CategoryInfo          : InvalidOperation: (:) [Start-Process], InvalidOperationException
    + FullyQualifiedErrorId : InvalidOperationException,Microsoft.PowerShell.Commands.StartProcessCommand
2026-10-01T18:58:07+0530  DEBUG     [job:-]  Cleaned up temp file C:\Users\USER\AppData\Local\Temp\a4_kiosk_downloads\Gitopia_Certification_manoj_gowda_b_h.pdf
2026-10-01T18:58:11+0530  DEBUG     [job:-]  Polling cycle complete: no qualifying jobs
2026-10-01T18:58:12+0530  DEBUG     [job:-]  Polling cycle complete: no qualifying jobs
2026-10-01T18:58:17+0530  DEBUG     [job:-]  Polling cycle complete: no qualifying jobs
2026-10-01T18:58:18+0530  DEBUG     [job:-]  Polling cycle complete: no qualifying jobs
2026-10-01T18:58:23+0530  DEBUG     [job:-]  Polling cycle complete: no qualifying jobs
2026-10-01T18:58:23+0530  DEBUG     [job:-]  Polling cycle complete: no qualifying jobs
2026-10-01T18:58:28+0530  DEBUG     [job:-]  Polling cycle complete: no qualifying jobs
2026-10-01T18:58:29+0530  DEBUG     [job:-]  Polling cycle complete: no qualifying jobs
2026-10-01T18:58:34+0530  DEBUG     [job:-]  Polling cycle complete: no qualifying jobs
2026-10-01T18:58:34+0530  DEBUG     [job:-]  Polling cycle complete: no qualifying jobs
2026-10-01T18:58:39+0530  DEBUG     [job:-]  Polling cycle complete: no qualifying jobs
2026-10-01T18:58:40+0530  DEBUG     [job:-]  Polling cycle complete: no qualifying jobs
2026-10-01T18:58:45+0530  DEBUG     [job:-]  Polling cycle complete: no qualifying jobs
2026-10-01T18:58:45+0530  DEBUG     [job:-]  Polling cycle complete: no qualifying jobs
2026-10-01T18:58:50+0530  DEBUG     [job:-]  Polling cycle complete: no qualifying jobs
2026-10-01T18:58:50+0530  DEBUG     [job:-]  Polling cycle complete: no qualifying jobs
2026-10-01T18:58:56+0530  DEBUG     [job:-]  Polling cycle complete: no qualifying jobs
2026-10-01T18:58:56+0530  DEBUG     [job:-]  Polling cycle complete: no qualifying jobs
2026-10-01T18:59:01+0530  DEBUG     [job:-]  Polling cycle complete: no qualifying jobs
2026-10-01T18:59:01+0530  DEBUG     [job:-]  Polling cycle complete: no qualifying jobs
2026-10-01T18:59:07+0530  DEBUG     [job:-]  Polling cycle complete: no qualifying jobs
2026-10-01T18:59:07+0530  DEBUG     [job:-]  Polling cycle complete: no qualifying jobs
2026-10-01T18:59:12+0530  DEBUG     [job:-]  Polling cycle complete: no qualifying jobs
2026-10-01T18:59:13+0530  DEBUG     [job:-]  Polling cycle complete: no qualifying jobs
2026-10-01T18:59:18+0530  DEBUG     [job:-]  Polling cycle complete: no qualifying jobs
2026-10-01T18:59:18+0530  DEBUG     [job:-]  Polling cycle complete: no qualifying jobs
2026-10-01T18:59:23+0530  DEBUG     [job:-]  Polling cycle complete: no qualifying jobs
2026-10-01T18:59:24+0530  DEBUG     [job:-]  Polling cycle complete: no qualifying jobs
2026-10-01T18:59:29+0530  DEBUG     [job:-]  Polling cycle complete: no qualifying jobs
2026-10-01T18:59:29+0530  DEBUG     [job:-]  Polling cycle complete: no qualifying jobs
2026-10-01T18:59:34+0530  DEBUG     [job:-]  Polling cycle complete: no qualifying jobs
2026-10-01T18:59:35+0530  DEBUG     [job:-]  Polling cycle complete: no qualifying jobs
2026-10-01T18:59:40+0530  DEBUG     [job:-]  Polling cycle complete: no qualifying jobs
2026-10-01T18:59:40+0530  DEBUG     [job:-]  Polling cycle complete: no qualifying jobs
2026-10-01T18:59:45+0530  DEBUG     [job:-]  Polling cycle complete: no qualifying jobs
2026-10-01T18:59:46+0530  DEBUG     [job:-]  Polling cycle complete: no qualifying jobs
2026-10-01T18:59:51+0530  DEBUG     [job:-]  Polling cycle complete: no qualifying jobs
2026-10-01T18:59:51+0530  DEBUG     [job:-]  Polling cycle complete: no qualifying jobs
2026-10-01T18:59:56+0530  DEBUG     [job:-]  Polling cycle complete: no qualifying jobs
2026-10-01T18:59:57+0530  DEBUG     [job:-]  Polling cycle complete: no qualifying jobs
2026-10-01T19:00:02+0530  DEBUG     [job:-]  Polling cycle complete: no qualifying jobs
2026-10-01T19:00:02+0530  DEBUG     [job:-]  Polling cycle complete: no qualifying jobs
2026-10-01T19:00:07+0530  DEBUG     [job:-]  Polling cycle complete: no qualifying jobs
2026-10-01T19:00:08+0530  DEBUG     [job:-]  Polling cycle complete: no qualifying jobs
2026-10-01T19:00:13+0530  DEBUG     [job:-]  Polling cycle complete: no qualifying jobs
2026-10-01T19:00:13+0530  DEBUG     [job:-]  Polling cycle complete: no qualifying jobs
2026-10-01T19:00:18+0530  DEBUG     [job:-]  Polling cycle complete: no qualifying jobs
2026-10-01T19:00:19+0530  DEBUG     [job:-]  Polling cycle complete: no qualifying jobs
2026-10-01T19:00:24+0530  DEBUG     [job:-]  Polling cycle complete: no qualifying jobs
2026-10-01T19:00:24+0530  DEBUG     [job:-]  Polling cycle complete: no qualifying jobs
2026-10-01T19:00:29+0530  DEBUG     [job:-]  Polling cycle complete: no qualifying jobs
2026-10-01T19:00:29+0530  DEBUG     [job:-]  Polling cycle complete: no qualifying jobs
2026-10-01T19:00:35+0530  DEBUG     [job:-]  Polling cycle complete: no qualifying jobs
2026-10-01T19:00:35+0530  DEBUG     [job:-]  Polling cycle complete: no qualifying jobs
2026-10-01T19:00:41+0530  INFO      [job:-]  Claimed job b1bc1ea7-8b4b-496c-8e13-fd8662959f7a (file: jobs/b1bc1ea7-8b4b-496c-8e13-fd8662959f7a/Gitopia_Certification_manoj_gowda_b_h.pdf, copies: 1)
2026-10-01T19:00:41+0530  DEBUG     [job:-]  Polling cycle complete: no qualifying jobs
2026-10-01T19:00:43+0530  INFO      [job:-]  Printing job b1bc1ea7-8b4b-496c-8e13-fd8662959f7a to printer 'EPSON L3260 Series'...
2026-10-01T19:00:44+0530  ERROR     [job:-]  Job b1bc1ea7-8b4b-496c-8e13-fd8662959f7a failed during printing: Print command exited with code 1: Start-Process : This command cannot be run due to the error: No application is associated with the specified file for 
this operation.
At line:1 char:1
+ Start-Process -FilePath "C:\Users\USER\AppData\Local\Temp\a4_kiosk_do ...
+ ~~~~~~~~~~~~~~~~~~~~~~~~~~~~~~~~~~~~~~~~~~~~~~~~~~~~~~~~~~~~~~~~~~~~~
    + CategoryInfo          : InvalidOperation: (:) [Start-Process], InvalidOperationException
    + FullyQualifiedErrorId : InvalidOperationException,Microsoft.PowerShell.Commands.StartProcessCommand
2026-10-01T19:00:44+0530  DEBUG     [job:-]  Cleaned up temp file C:\Users\USER\AppData\Local\Temp\a4_kiosk_downloads\Gitopia_Certification_manoj_gowda_b_h.pdf
2026-10-01T19:00:46+0530  DEBUG     [job:-]  Polling cycle complete: no qualifying jobs
2026-10-01T19:00:50+0530  DEBUG     [job:-]  Polling cycle complete: no qualifying jobs
2026-10-01T19:00:52+0530  DEBUG     [job:-]  Polling cycle complete: no qualifying jobs
2026-10-01T19:00:55+0530  DEBUG     [job:-]  Polling cycle complete: no qualifying jobs
2026-10-01T19:00:58+0530  DEBUG     [job:-]  Polling cycle complete: no qualifying jobs
2026-10-01T19:01:01+0530  DEBUG     [job:-]  Polling cycle complete: no qualifying jobs
2026-10-01T19:01:04+0530  DEBUG     [job:-]  Polling cycle complete: no qualifying jobs
2026-10-01T19:01:07+0530  DEBUG     [job:-]  Polling cycle complete: no qualifying jobs
2026-10-01T19:01:10+0530  DEBUG     [job:-]  Polling cycle complete: no qualifying jobs
2026-10-01T19:01:13+0530  DEBUG     [job:-]  Polling cycle complete: no qualifying jobs
2026-10-01T19:01:15+0530  DEBUG     [job:-]  Polling cycle complete: no qualifying jobs
2026-10-01T19:01:18+0530  DEBUG     [job:-]  Polling cycle complete: no qualifying jobs
2026-10-01T19:01:21+0530  DEBUG     [job:-]  Polling cycle complete: no qualifying jobs
2026-10-01T19:01:24+0530  DEBUG     [job:-]  Polling cycle complete: no qualifying jobs
2026-10-01T19:01:26+0530  DEBUG     [job:-]  Polling cycle complete: no qualifying jobs
2026-10-01T19:01:29+0530  DEBUG     [job:-]  Polling cycle complete: no qualifying jobs
2026-10-01T19:01:32+0530  DEBUG     [job:-]  Polling cycle complete: no qualifying jobs
2026-10-01T19:01:35+0530  DEBUG     [job:-]  Polling cycle complete: no qualifying jobs
2026-10-01T19:01:37+0530  DEBUG     [job:-]  Polling cycle complete: no qualifying jobs
2026-10-01T19:01:41+0530  DEBUG     [job:-]  Polling cycle complete: no qualifying jobs
2026-10-01T19:01:43+0530  DEBUG     [job:-]  Polling cycle complete: no qualifying jobs
2026-10-01T19:01:46+0530  DEBUG     [job:-]  Polling cycle complete: no qualifying jobs
2026-10-01T19:01:49+0530  DEBUG     [job:-]  Polling cycle complete: no qualifying jobs
2026-10-01T19:01:52+0530  DEBUG     [job:-]  Polling cycle complete: no qualifying jobs
2026-10-01T19:01:54+0530  DEBUG     [job:-]  Polling cycle complete: no qualifying jobs
2026-10-01T19:01:57+0530  DEBUG     [job:-]  Polling cycle complete: no qualifying jobs
2026-10-01T19:02:00+0530  DEBUG     [job:-]  Polling cycle complete: no qualifying jobs
2026-10-01T19:02:03+0530  DEBUG     [job:-]  Polling cycle complete: no qualifying jobs
2026-10-01T19:02:05+0530  DEBUG     [job:-]  Polling cycle complete: no qualifying jobs
2026-10-01T19:02:09+0530  DEBUG     [job:-]  Polling cycle complete: no qualifying jobs
2026-10-01T19:02:11+0530  DEBUG     [job:-]  Polling cycle complete: no qualifying jobs
2026-10-01T19:02:14+0530  DEBUG     [job:-]  Polling cycle complete: no qualifying jobs
2026-10-01T19:02:17+0530  DEBUG     [job:-]  Polling cycle complete: no qualifying jobs
2026-10-01T19:02:20+0530  DEBUG     [job:-]  Polling cycle complete: no qualifying jobs
2026-10-01T19:02:22+0530  DEBUG     [job:-]  Polling cycle complete: no qualifying jobs
2026-10-01T19:02:25+0530  DEBUG     [job:-]  Polling cycle complete: no qualifying jobs
2026-10-01T19:02:28+0530  DEBUG     [job:-]  Polling cycle complete: no qualifying jobs
2026-10-01T19:02:31+0530  DEBUG     [job:-]  Polling cycle complete: no qualifying jobs
2026-10-01T19:02:33+0530  DEBUG     [job:-]  Polling cycle complete: no qualifying jobs
2026-10-01T19:02:36+0530  DEBUG     [job:-]  Polling cycle complete: no qualifying jobs
2026-10-01T19:02:39+0530  DEBUG     [job:-]  Polling cycle complete: no qualifying jobs
2026-10-01T19:02:42+0530  DEBUG     [job:-]  Polling cycle complete: no qualifying jobs
2026-10-01T19:02:44+0530  DEBUG     [job:-]  Polling cycle complete: no qualifying jobs
2026-10-01T19:02:47+0530  DEBUG     [job:-]  Polling cycle complete: no qualifying jobs
2026-10-01T19:02:50+0530  DEBUG     [job:-]  Polling cycle complete: no qualifying jobs
2026-10-01T19:02:53+0530  DEBUG     [job:-]  Polling cycle complete: no qualifying jobs
2026-10-01T19:02:56+0530  DEBUG     [job:-]  Polling cycle complete: no qualifying jobs
2026-10-01T19:02:58+0530  DEBUG     [job:-]  Polling cycle complete: no qualifying jobs
2026-10-01T19:03:01+0530  DEBUG     [job:-]  Polling cycle complete: no qualifying jobs
2026-10-01T19:03:04+0530  DEBUG     [job:-]  Polling cycle complete: no qualifying jobs
2026-10-01T19:03:07+0530  DEBUG     [job:-]  Polling cycle complete: no qualifying jobs
2026-10-01T19:03:09+0530  DEBUG     [job:-]  Polling cycle complete: no qualifying jobs
2026-10-01T19:03:12+0530  DEBUG     [job:-]  Polling cycle complete: no qualifying jobs
2026-10-01T19:03:15+0530  DEBUG     [job:-]  Polling cycle complete: no qualifying jobs
2026-10-01T19:03:18+0530  DEBUG     [job:-]  Polling cycle complete: no qualifying jobs
2026-10-01T19:03:20+0530  DEBUG     [job:-]  Polling cycle complete: no qualifying jobs
2026-10-01T19:03:24+0530  DEBUG     [job:-]  Polling cycle complete: no qualifying jobs
2026-10-01T19:03:26+0530  DEBUG     [job:-]  Polling cycle complete: no qualifying jobs
2026-10-01T19:03:29+0530  DEBUG     [job:-]  Polling cycle complete: no qualifying jobs
2026-10-01T19:03:31+0530  DEBUG     [job:-]  Polling cycle complete: no qualifying jobs
2026-10-01T19:03:35+0530  DEBUG     [job:-]  Polling cycle complete: no qualifying jobs
2026-10-01T19:03:37+0530  DEBUG     [job:-]  Polling cycle complete: no qualifying jobs
2026-10-01T19:03:40+0530  DEBUG     [job:-]  Polling cycle complete: no qualifying jobs
2026-10-01T19:03:42+0530  DEBUG     [job:-]  Polling cycle complete: no qualifying jobs
2026-10-01T19:03:46+0530  DEBUG     [job:-]  Polling cycle complete: no qualifying jobs
2026-10-01T19:03:48+0530  DEBUG     [job:-]  Polling cycle complete: no qualifying jobs
2026-10-01T19:03:51+0530  DEBUG     [job:-]  Polling cycle complete: no qualifying jobs
2026-10-01T19:03:53+0530  DEBUG     [job:-]  Polling cycle complete: no qualifying jobs
2026-10-01T19:03:54+0530  INFO      [job:-]  Starting Print Controller with printer 'HP LaserJet Professional M1136 MFP', interval 5s
2026-10-01T19:03:57+0530  DEBUG     [job:-]  Polling cycle complete: no qualifying jobs
2026-10-01T19:03:57+0530  DEBUG     [job:-]  Polling cycle complete: no qualifying jobs
2026-10-01T19:03:59+0530  DEBUG     [job:-]  Polling cycle complete: no qualifying jobs
2026-10-01T19:04:02+0530  DEBUG     [job:-]  Polling cycle complete: no qualifying jobs
2026-10-01T19:04:03+0530  DEBUG     [job:-]  Polling cycle complete: no qualifying jobs
2026-10-01T19:04:04+0530  DEBUG     [job:-]  Polling cycle complete: no qualifying jobs
2026-10-01T19:04:08+0530  DEBUG     [job:-]  Polling cycle complete: no qualifying jobs
2026-10-01T19:04:08+0530  DEBUG     [job:-]  Polling cycle complete: no qualifying jobs
2026-10-01T19:04:10+0530  DEBUG     [job:-]  Polling cycle complete: no qualifying jobs
2026-10-01T19:04:13+0530  DEBUG     [job:-]  Polling cycle complete: no qualifying jobs
2026-10-01T19:04:14+0530  DEBUG     [job:-]  Polling cycle complete: no qualifying jobs
2026-10-01T19:04:15+0530  DEBUG     [job:-]  Polling cycle complete: no qualifying jobs
2026-10-01T19:04:19+0530  DEBUG     [job:-]  Polling cycle complete: no qualifying jobs
2026-10-01T19:04:19+0530  DEBUG     [job:-]  Polling cycle complete: no qualifying jobs
2026-10-01T19:04:21+0530  DEBUG     [job:-]  Polling cycle complete: no qualifying jobs
2026-10-01T19:04:24+0530  DEBUG     [job:-]  Polling cycle complete: no qualifying jobs
2026-10-01T19:04:25+0530  DEBUG     [job:-]  Polling cycle complete: no qualifying jobs
2026-10-01T19:04:26+0530  DEBUG     [job:-]  Polling cycle complete: no qualifying jobs
2026-10-01T19:04:30+0530  DEBUG     [job:-]  Polling cycle complete: no qualifying jobs
2026-10-01T19:04:31+0530  DEBUG     [job:-]  Polling cycle complete: no qualifying jobs
2026-10-01T19:04:32+0530  DEBUG     [job:-]  Polling cycle complete: no qualifying jobs
2026-10-01T19:04:36+0530  DEBUG     [job:-]  Polling cycle complete: no qualifying jobs
2026-10-01T19:04:36+0530  DEBUG     [job:-]  Polling cycle complete: no qualifying jobs
2026-10-01T19:04:38+0530  DEBUG     [job:-]  Polling cycle complete: no qualifying jobs
2026-10-01T19:04:41+0530  DEBUG     [job:-]  Polling cycle complete: no qualifying jobs
2026-10-01T19:04:41+0530  DEBUG     [job:-]  Polling cycle complete: no qualifying jobs
2026-10-01T19:04:43+0530  DEBUG     [job:-]  Polling cycle complete: no qualifying jobs
2026-10-01T19:04:47+0530  DEBUG     [job:-]  Polling cycle complete: no qualifying jobs
2026-10-01T19:04:47+0530  DEBUG     [job:-]  Polling cycle complete: no qualifying jobs
2026-10-01T19:04:49+0530  DEBUG     [job:-]  Polling cycle complete: no qualifying jobs
2026-10-01T19:04:53+0530  DEBUG     [job:-]  Polling cycle complete: no qualifying jobs
2026-10-01T19:04:53+0530  DEBUG     [job:-]  Polling cycle complete: no qualifying jobs
2026-10-01T19:04:54+0530  DEBUG     [job:-]  Polling cycle complete: no qualifying jobs
2026-10-01T19:04:58+0530  DEBUG     [job:-]  Polling cycle complete: no qualifying jobs
2026-10-01T19:04:58+0530  DEBUG     [job:-]  Polling cycle complete: no qualifying jobs
2026-10-01T19:05:00+0530  DEBUG     [job:-]  Polling cycle complete: no qualifying jobs
2026-10-01T19:05:04+0530  DEBUG     [job:-]  Polling cycle complete: no qualifying jobs
2026-10-01T19:05:04+0530  DEBUG     [job:-]  Polling cycle complete: no qualifying jobs
2026-10-01T19:05:06+0530  DEBUG     [job:-]  Polling cycle complete: no qualifying jobs
2026-10-01T19:05:09+0530  DEBUG     [job:-]  Polling cycle complete: no qualifying jobs
2026-10-01T19:05:10+0530  DEBUG     [job:-]  Polling cycle complete: no qualifying jobs
2026-10-01T19:05:11+0530  DEBUG     [job:-]  Polling cycle complete: no qualifying jobs
2026-10-01T19:05:15+0530  DEBUG     [job:-]  Polling cycle complete: no qualifying jobs
2026-10-01T19:05:15+0530  DEBUG     [job:-]  Polling cycle complete: no qualifying jobs
2026-10-01T19:05:16+0530  DEBUG     [job:-]  Polling cycle complete: no qualifying jobs
2026-10-01T19:05:20+0530  DEBUG     [job:-]  Polling cycle complete: no qualifying jobs
2026-10-01T19:05:21+0530  DEBUG     [job:-]  Polling cycle complete: no qualifying jobs
2026-10-01T19:05:22+0530  DEBUG     [job:-]  Polling cycle complete: no qualifying jobs
2026-10-01T19:05:26+0530  DEBUG     [job:-]  Polling cycle complete: no qualifying jobs
2026-10-01T19:05:26+0530  DEBUG     [job:-]  Polling cycle complete: no qualifying jobs
2026-10-01T19:05:27+0530  DEBUG     [job:-]  Polling cycle complete: no qualifying jobs
2026-10-01T19:05:31+0530  DEBUG     [job:-]  Polling cycle complete: no qualifying jobs
2026-10-01T19:05:32+0530  DEBUG     [job:-]  Polling cycle complete: no qualifying jobs
2026-10-01T19:05:33+0530  DEBUG     [job:-]  Polling cycle complete: no qualifying jobs
2026-10-01T19:05:37+0530  DEBUG     [job:-]  Polling cycle complete: no qualifying jobs
2026-10-01T19:05:37+0530  DEBUG     [job:-]  Polling cycle complete: no qualifying jobs
2026-10-01T19:05:38+0530  DEBUG     [job:-]  Polling cycle complete: no qualifying jobs
2026-10-01T19:05:42+0530  DEBUG     [job:-]  Polling cycle complete: no qualifying jobs
2026-10-01T19:05:42+0530  DEBUG     [job:-]  Polling cycle complete: no qualifying jobs
2026-10-01T19:05:44+0530  DEBUG     [job:-]  Polling cycle complete: no qualifying jobs
2026-10-01T19:05:47+0530  DEBUG     [job:-]  Polling cycle complete: no qualifying jobs
2026-10-01T19:05:48+0530  DEBUG     [job:-]  Polling cycle complete: no qualifying jobs
2026-10-01T19:05:49+0530  DEBUG     [job:-]  Polling cycle complete: no qualifying jobs
2026-10-01T19:05:53+0530  DEBUG     [job:-]  Polling cycle complete: no qualifying jobs
2026-10-01T19:05:54+0530  DEBUG     [job:-]  Polling cycle complete: no qualifying jobs
2026-10-01T19:05:55+0530  DEBUG     [job:-]  Polling cycle complete: no qualifying jobs
2026-10-01T19:05:59+0530  DEBUG     [job:-]  Polling cycle complete: no qualifying jobs
2026-10-01T19:05:59+0530  DEBUG     [job:-]  Polling cycle complete: no qualifying jobs
2026-10-01T19:06:00+0530  DEBUG     [job:-]  Polling cycle complete: no qualifying jobs
2026-10-01T19:06:04+0530  DEBUG     [job:-]  Polling cycle complete: no qualifying jobs
2026-10-01T19:06:05+0530  DEBUG     [job:-]  Polling cycle complete: no qualifying jobs
2026-10-01T19:06:06+0530  DEBUG     [job:-]  Polling cycle complete: no qualifying jobs
2026-10-01T19:06:10+0530  DEBUG     [job:-]  Polling cycle complete: no qualifying jobs
2026-10-01T19:06:10+0530  DEBUG     [job:-]  Polling cycle complete: no qualifying jobs
2026-10-01T19:06:11+0530  DEBUG     [job:-]  Polling cycle complete: no qualifying jobs
2026-10-01T19:06:15+0530  DEBUG     [job:-]  Polling cycle complete: no qualifying jobs
2026-10-01T19:06:15+0530  DEBUG     [job:-]  Polling cycle complete: no qualifying jobs
2026-10-01T19:06:17+0530  DEBUG     [job:-]  Polling cycle complete: no qualifying jobs
2026-10-01T19:06:21+0530  DEBUG     [job:-]  Polling cycle complete: no qualifying jobs
2026-10-01T19:06:21+0530  DEBUG     [job:-]  Polling cycle complete: no qualifying jobs
2026-10-01T19:06:22+0530  DEBUG     [job:-]  Polling cycle complete: no qualifying jobs
2026-10-01T19:06:26+0530  DEBUG     [job:-]  Polling cycle complete: no qualifying jobs
2026-10-01T19:06:26+0530  DEBUG     [job:-]  Polling cycle complete: no qualifying jobs
2026-10-01T19:06:28+0530  DEBUG     [job:-]  Polling cycle complete: no qualifying jobs
2026-10-01T19:06:32+0530  DEBUG     [job:-]  Polling cycle complete: no qualifying jobs
2026-10-01T19:06:32+0530  DEBUG     [job:-]  Polling cycle complete: no qualifying jobs
2026-10-01T19:06:33+0530  DEBUG     [job:-]  Polling cycle complete: no qualifying jobs
2026-10-01T19:06:37+0530  DEBUG     [job:-]  Polling cycle complete: no qualifying jobs
2026-10-01T19:06:37+0530  DEBUG     [job:-]  Polling cycle complete: no qualifying jobs
2026-10-01T19:06:39+0530  DEBUG     [job:-]  Polling cycle complete: no qualifying jobs
2026-10-01T19:06:43+0530  INFO      [job:-]  Claimed job 9d3814a4-6da2-4537-aa37-3315120850e9 (file: jobs/9d3814a4-6da2-4537-aa37-3315120850e9/Gitopia_Certification_manoj_gowda_b_h.pdf, copies: 1)
2026-10-01T19:06:43+0530  DEBUG     [job:-]  Polling cycle complete: no qualifying jobs
2026-10-01T19:06:44+0530  DEBUG     [job:-]  Polling cycle complete: no qualifying jobs
2026-10-01T19:06:45+0530  INFO      [job:-]  Printing job 9d3814a4-6da2-4537-aa37-3315120850e9 to printer 'HP LaserJet Professional M1136 MFP'...
2026-10-01T19:06:47+0530  INFO      [job:-]  Job 9d3814a4-6da2-4537-aa37-3315120850e9 successfully printed and marked PRINTED
2026-10-01T19:06:47+0530  DEBUG     [job:-]  Cleaned up temp file C:\Users\USER\AppData\Local\Temp\a4_kiosk_downloads\Gitopia_Certification_manoj_gowda_b_h.pdf
2026-10-01T19:06:49+0530  DEBUG     [job:-]  Polling cycle complete: no qualifying jobs
2026-10-01T19:06:50+0530  DEBUG     [job:-]  Polling cycle complete: no qualifying jobs
2026-10-01T19:06:53+0530  DEBUG     [job:-]  Polling cycle complete: no qualifying jobs
2026-10-01T19:06:54+0530  DEBUG     [job:-]  Polling cycle complete: no qualifying jobs
2026-10-01T19:06:55+0530  DEBUG     [job:-]  Polling cycle complete: no qualifying jobs
2026-10-01T19:06:58+0530  DEBUG     [job:-]  Polling cycle complete: no qualifying jobs
2026-10-01T19:07:00+0530  DEBUG     [job:-]  Polling cycle complete: no qualifying jobs
2026-10-01T19:07:01+0530  DEBUG     [job:-]  Polling cycle complete: no qualifying jobs
2026-10-01T19:07:04+0530  DEBUG     [job:-]  Polling cycle complete: no qualifying jobs
2026-10-01T19:07:05+0530  DEBUG     [job:-]  Polling cycle complete: no qualifying jobs
2026-10-01T19:07:06+0530  DEBUG     [job:-]  Polling cycle complete: no qualifying jobs
2026-10-01T19:07:09+0530  DEBUG     [job:-]  Polling cycle complete: no qualifying jobs
2026-10-01T19:07:11+0530  DEBUG     [job:-]  Polling cycle complete: no qualifying jobs
2026-10-01T19:07:12+0530  DEBUG     [job:-]  Polling cycle complete: no qualifying jobs
2026-10-01T19:07:15+0530  DEBUG     [job:-]  Polling cycle complete: no qualifying jobs
2026-10-01T19:07:17+0530  DEBUG     [job:-]  Polling cycle complete: no qualifying jobs
2026-10-01T19:07:17+0530  DEBUG     [job:-]  Polling cycle complete: no qualifying jobs
2026-10-01T19:07:20+0530  DEBUG     [job:-]  Polling cycle complete: no qualifying jobs
2026-10-01T19:07:22+0530  DEBUG     [job:-]  Polling cycle complete: no qualifying jobs
2026-10-01T19:07:23+0530  DEBUG     [job:-]  Polling cycle complete: no qualifying jobs
2026-10-01T19:07:26+0530  DEBUG     [job:-]  Polling cycle complete: no qualifying jobs
2026-10-01T19:07:28+0530  DEBUG     [job:-]  Polling cycle complete: no qualifying jobs
2026-10-01T19:07:28+0530  DEBUG     [job:-]  Polling cycle complete: no qualifying jobs
2026-10-01T19:07:31+0530  DEBUG     [job:-]  Polling cycle complete: no qualifying jobs
2026-10-01T19:07:33+0530  DEBUG     [job:-]  Polling cycle complete: no qualifying jobs
2026-10-01T19:07:34+0530  DEBUG     [job:-]  Polling cycle complete: no qualifying jobs
2026-10-01T19:07:37+0530  DEBUG     [job:-]  Polling cycle complete: no qualifying jobs
2026-10-01T19:07:39+0530  DEBUG     [job:-]  Polling cycle complete: no qualifying jobs
2026-10-01T19:07:39+0530  DEBUG     [job:-]  Polling cycle complete: no qualifying jobs
2026-10-01T19:07:42+0530  DEBUG     [job:-]  Polling cycle complete: no qualifying jobs
2026-10-01T19:07:44+0530  DEBUG     [job:-]  Polling cycle complete: no qualifying jobs
2026-10-01T19:07:45+0530  DEBUG     [job:-]  Polling cycle complete: no qualifying jobs
2026-10-01T19:07:48+0530  DEBUG     [job:-]  Polling cycle complete: no qualifying jobs
2026-10-01T19:07:50+0530  DEBUG     [job:-]  Polling cycle complete: no qualifying jobs
2026-10-01T19:07:50+0530  DEBUG     [job:-]  Polling cycle complete: no qualifying jobs
2026-10-01T19:07:54+0530  INFO      [job:-]  Claimed job eea8649d-7167-48dc-9433-88452d3cbcdc (file: jobs/eea8649d-7167-48dc-9433-88452d3cbcdc/Gitopia_Certification_manoj_gowda_b_h.pdf, copies: 1)
2026-10-01T19:07:55+0530  DEBUG     [job:-]  Polling cycle complete: no qualifying jobs
2026-10-01T19:07:56+0530  DEBUG     [job:-]  Polling cycle complete: no qualifying jobs
2026-10-01T19:07:56+0530  INFO      [job:-]  Printing job eea8649d-7167-48dc-9433-88452d3cbcdc to printer 'HP LaserJet Professional M1136 MFP'...
2026-10-01T19:07:58+0530  INFO      [job:-]  Job eea8649d-7167-48dc-9433-88452d3cbcdc successfully printed and marked PRINTED
2026-10-01T19:07:58+0530  DEBUG     [job:-]  Cleaned up temp file C:\Users\USER\AppData\Local\Temp\a4_kiosk_downloads\Gitopia_Certification_manoj_gowda_b_h.pdf
2026-10-01T19:08:01+0530  DEBUG     [job:-]  Polling cycle complete: no qualifying jobs
2026-10-01T19:08:01+0530  DEBUG     [job:-]  Polling cycle complete: no qualifying jobs
2026-10-01T19:08:04+0530  DEBUG     [job:-]  Polling cycle complete: no qualifying jobs
2026-10-01T19:08:06+0530  DEBUG     [job:-]  Polling cycle complete: no qualifying jobs
2026-10-01T19:08:07+0530  DEBUG     [job:-]  Polling cycle complete: no qualifying jobs
2026-10-01T19:08:09+0530  DEBUG     [job:-]  Polling cycle complete: no qualifying jobs
2026-10-01T19:08:12+0530  DEBUG     [job:-]  Polling cycle complete: no qualifying jobs
2026-10-01T19:08:12+0530  DEBUG     [job:-]  Polling cycle complete: no qualifying jobs
2026-10-01T19:08:15+0530  DEBUG     [job:-]  Polling cycle complete: no qualifying jobs
2026-10-01T19:08:17+0530  DEBUG     [job:-]  Polling cycle complete: no qualifying jobs
2026-10-01T19:08:18+0530  DEBUG     [job:-]  Polling cycle complete: no qualifying jobs
2026-10-01T19:08:20+0530  DEBUG     [job:-]  Polling cycle complete: no qualifying jobs
2026-10-01T19:08:23+0530  DEBUG     [job:-]  Polling cycle complete: no qualifying jobs
2026-10-01T19:08:23+0530  DEBUG     [job:-]  Polling cycle complete: no qualifying jobs
2026-10-01T19:08:26+0530  DEBUG     [job:-]  Polling cycle complete: no qualifying jobs
2026-10-01T19:08:28+0530  DEBUG     [job:-]  Polling cycle complete: no qualifying jobs
2026-10-01T19:08:29+0530  DEBUG     [job:-]  Polling cycle complete: no qualifying jobs
2026-10-01T19:08:31+0530  DEBUG     [job:-]  Polling cycle complete: no qualifying jobs
2026-10-01T19:08:34+0530  DEBUG     [job:-]  Polling cycle complete: no qualifying jobs
2026-10-01T19:08:34+0530  DEBUG     [job:-]  Polling cycle complete: no qualifying jobs
2026-10-01T19:08:38+0530  DEBUG     [job:-]  Polling cycle complete: no qualifying jobs
2026-10-01T19:08:39+0530  DEBUG     [job:-]  Polling cycle complete: no qualifying jobs
2026-10-01T19:08:40+0530  DEBUG     [job:-]  Polling cycle complete: no qualifying jobs
2026-10-01T19:08:43+0530  DEBUG     [job:-]  Polling cycle complete: no qualifying jobs
2026-10-01T19:08:45+0530  DEBUG     [job:-]  Polling cycle complete: no qualifying jobs
2026-10-01T19:08:45+0530  DEBUG     [job:-]  Polling cycle complete: no qualifying jobs
2026-10-01T19:08:49+0530  DEBUG     [job:-]  Polling cycle complete: no qualifying jobs
2026-10-01T19:08:50+0530  DEBUG     [job:-]  Polling cycle complete: no qualifying jobs
2026-10-01T19:08:51+0530  DEBUG     [job:-]  Polling cycle complete: no qualifying jobs
2026-10-01T19:08:54+0530  DEBUG     [job:-]  Polling cycle complete: no qualifying jobs
2026-10-01T19:08:56+0530  DEBUG     [job:-]  Polling cycle complete: no qualifying jobs
2026-10-01T19:08:56+0530  DEBUG     [job:-]  Polling cycle complete: no qualifying jobs
2026-10-01T19:09:00+0530  DEBUG     [job:-]  Polling cycle complete: no qualifying jobs
2026-10-01T19:09:01+0530  DEBUG     [job:-]  Polling cycle complete: no qualifying jobs
2026-10-01T19:09:02+0530  DEBUG     [job:-]  Polling cycle complete: no qualifying jobs
2026-10-01T19:09:05+0530  DEBUG     [job:-]  Polling cycle complete: no qualifying jobs
2026-10-01T19:09:07+0530  DEBUG     [job:-]  Polling cycle complete: no qualifying jobs
2026-10-01T19:09:07+0530  DEBUG     [job:-]  Polling cycle complete: no qualifying jobs
2026-10-01T19:09:11+0530  DEBUG     [job:-]  Polling cycle complete: no qualifying jobs
2026-10-01T19:09:12+0530  DEBUG     [job:-]  Polling cycle complete: no qualifying jobs
2026-10-01T19:09:13+0530  DEBUG     [job:-]  Polling cycle complete: no qualifying jobs
2026-10-01T19:09:16+0530  DEBUG     [job:-]  Polling cycle complete: no qualifying jobs
2026-10-01T19:09:18+0530  DEBUG     [job:-]  Polling cycle complete: no qualifying jobs
2026-10-01T19:09:18+0530  DEBUG     [job:-]  Polling cycle complete: no qualifying jobs
2026-10-01T19:09:22+0530  DEBUG     [job:-]  Polling cycle complete: no qualifying jobs
2026-10-01T19:09:23+0530  DEBUG     [job:-]  Polling cycle complete: no qualifying jobs
2026-10-01T19:09:24+0530  DEBUG     [job:-]  Polling cycle complete: no qualifying jobs
2026-10-01T19:09:28+0530  DEBUG     [job:-]  Polling cycle complete: no qualifying jobs
2026-10-01T19:09:29+0530  DEBUG     [job:-]  Polling cycle complete: no qualifying jobs
2026-10-01T19:09:29+0530  DEBUG     [job:-]  Polling cycle complete: no qualifying jobs
2026-10-01T19:09:33+0530  DEBUG     [job:-]  Polling cycle complete: no qualifying jobs
2026-10-01T19:09:34+0530  DEBUG     [job:-]  Polling cycle complete: no qualifying jobs
2026-10-01T19:09:35+0530  DEBUG     [job:-]  Polling cycle complete: no qualifying jobs
2026-10-01T19:09:38+0530  DEBUG     [job:-]  Polling cycle complete: no qualifying jobs
2026-10-01T19:09:40+0530  DEBUG     [job:-]  Polling cycle complete: no qualifying jobs
2026-10-01T19:09:40+0530  DEBUG     [job:-]  Polling cycle complete: no qualifying jobs
2026-10-01T19:09:44+0530  DEBUG     [job:-]  Polling cycle complete: no qualifying jobs
2026-10-01T19:09:45+0530  DEBUG     [job:-]  Polling cycle complete: no qualifying jobs
2026-10-01T19:09:46+0530  DEBUG     [job:-]  Polling cycle complete: no qualifying jobs
2026-10-01T19:09:49+0530  DEBUG     [job:-]  Polling cycle complete: no qualifying jobs
2026-10-01T19:09:51+0530  DEBUG     [job:-]  Polling cycle complete: no qualifying jobs
2026-10-01T19:09:51+0530  DEBUG     [job:-]  Polling cycle complete: no qualifying jobs
2026-10-01T19:09:55+0530  DEBUG     [job:-]  Polling cycle complete: no qualifying jobs
2026-10-01T19:09:56+0530  DEBUG     [job:-]  Polling cycle complete: no qualifying jobs
2026-10-01T19:09:57+0530  DEBUG     [job:-]  Polling cycle complete: no qualifying jobs
2026-10-01T19:10:00+0530  DEBUG     [job:-]  Polling cycle complete: no qualifying jobs
2026-10-01T19:10:02+0530  DEBUG     [job:-]  Polling cycle complete: no qualifying jobs
2026-10-01T19:10:02+0530  DEBUG     [job:-]  Polling cycle complete: no qualifying jobs
2026-10-01T19:10:06+0530  DEBUG     [job:-]  Polling cycle complete: no qualifying jobs
2026-10-01T19:10:07+0530  DEBUG     [job:-]  Polling cycle complete: no qualifying jobs
2026-10-01T19:10:08+0530  DEBUG     [job:-]  Polling cycle complete: no qualifying jobs
2026-10-01T19:10:11+0530  DEBUG     [job:-]  Polling cycle complete: no qualifying jobs
2026-10-01T19:10:13+0530  DEBUG     [job:-]  Polling cycle complete: no qualifying jobs
2026-10-01T19:10:13+0530  DEBUG     [job:-]  Polling cycle complete: no qualifying jobs
2026-10-01T19:10:17+0530  DEBUG     [job:-]  Polling cycle complete: no qualifying jobs
2026-10-01T19:10:18+0530  DEBUG     [job:-]  Polling cycle complete: no qualifying jobs
2026-10-01T19:10:19+0530  DEBUG     [job:-]  Polling cycle complete: no qualifying jobs
2026-10-01T19:10:22+0530  DEBUG     [job:-]  Polling cycle complete: no qualifying jobs
2026-10-01T19:10:23+0530  DEBUG     [job:-]  Polling cycle complete: no qualifying jobs
2026-10-01T19:10:24+0530  DEBUG     [job:-]  Polling cycle complete: no qualifying jobs
2026-10-01T19:10:28+0530  DEBUG     [job:-]  Polling cycle complete: no qualifying jobs
2026-10-01T19:10:29+0530  DEBUG     [job:-]  Polling cycle complete: no qualifying jobs
2026-10-01T19:10:30+0530  DEBUG     [job:-]  Polling cycle complete: no qualifying jobs
2026-10-01T19:10:33+0530  DEBUG     [job:-]  Polling cycle complete: no qualifying jobs
2026-10-01T19:10:34+0530  DEBUG     [job:-]  Polling cycle complete: no qualifying jobs
2026-10-01T19:10:35+0530  DEBUG     [job:-]  Polling cycle complete: no qualifying jobs
2026-10-01T19:10:39+0530  DEBUG     [job:-]  Polling cycle complete: no qualifying jobs
2026-10-01T19:10:40+0530  DEBUG     [job:-]  Polling cycle complete: no qualifying jobs
2026-10-01T19:10:41+0530  DEBUG     [job:-]  Polling cycle complete: no qualifying jobs
2026-10-01T19:10:44+0530  DEBUG     [job:-]  Polling cycle complete: no qualifying jobs
2026-10-01T19:10:45+0530  DEBUG     [job:-]  Polling cycle complete: no qualifying jobs
2026-10-01T19:10:46+0530  DEBUG     [job:-]  Polling cycle complete: no qualifying jobs
2026-10-01T19:10:50+0530  DEBUG     [job:-]  Polling cycle complete: no qualifying jobs
2026-10-01T19:10:51+0530  DEBUG     [job:-]  Polling cycle complete: no qualifying jobs
2026-10-01T19:10:51+0530  DEBUG     [job:-]  Polling cycle complete: no qualifying jobs
2026-10-01T19:10:55+0530  DEBUG     [job:-]  Polling cycle complete: no qualifying jobs
2026-10-01T19:10:56+0530  DEBUG     [job:-]  Polling cycle complete: no qualifying jobs
2026-10-01T19:10:57+0530  DEBUG     [job:-]  Polling cycle complete: no qualifying jobs
2026-10-01T19:11:01+0530  DEBUG     [job:-]  Polling cycle complete: no qualifying jobs
2026-10-01T19:11:02+0530  DEBUG     [job:-]  Polling cycle complete: no qualifying jobs
2026-10-01T19:11:02+0530  DEBUG     [job:-]  Polling cycle complete: no qualifying jobs
2026-10-01T19:11:06+0530  DEBUG     [job:-]  Polling cycle complete: no qualifying jobs
2026-10-01T19:11:07+0530  DEBUG     [job:-]  Polling cycle complete: no qualifying jobs
2026-10-01T19:11:08+0530  DEBUG     [job:-]  Polling cycle complete: no qualifying jobs
2026-10-01T19:11:12+0530  DEBUG     [job:-]  Polling cycle complete: no qualifying jobs
2026-10-01T19:11:13+0530  DEBUG     [job:-]  Polling cycle complete: no qualifying jobs
2026-10-01T19:11:13+0530  DEBUG     [job:-]  Polling cycle complete: no qualifying jobs
2026-10-01T19:11:17+0530  DEBUG     [job:-]  Polling cycle complete: no qualifying jobs
2026-10-01T19:11:18+0530  DEBUG     [job:-]  Polling cycle complete: no qualifying jobs
2026-10-01T19:11:19+0530  DEBUG     [job:-]  Polling cycle complete: no qualifying jobs
2026-10-01T19:11:23+0530  DEBUG     [job:-]  Polling cycle complete: no qualifying jobs
2026-10-01T19:11:24+0530  DEBUG     [job:-]  Polling cycle complete: no qualifying jobs
2026-10-01T19:11:24+0530  DEBUG     [job:-]  Polling cycle complete: no qualifying jobs
2026-10-01T19:11:28+0530  DEBUG     [job:-]  Polling cycle complete: no qualifying jobs
2026-10-01T19:11:29+0530  DEBUG     [job:-]  Polling cycle complete: no qualifying jobs
2026-10-01T19:11:30+0530  DEBUG     [job:-]  Polling cycle complete: no qualifying jobs
2026-10-01T19:11:34+0530  DEBUG     [job:-]  Polling cycle complete: no qualifying jobs
2026-10-01T19:11:35+0530  DEBUG     [job:-]  Polling cycle complete: no qualifying jobs
2026-10-01T19:11:35+0530  DEBUG     [job:-]  Polling cycle complete: no qualifying jobs
2026-10-01T19:11:39+0530  DEBUG     [job:-]  Polling cycle complete: no qualifying jobs
2026-10-01T19:11:40+0530  DEBUG     [job:-]  Polling cycle complete: no qualifying jobs
2026-10-01T19:11:41+0530  DEBUG     [job:-]  Polling cycle complete: no qualifying jobs
2026-10-01T19:11:45+0530  DEBUG     [job:-]  Polling cycle complete: no qualifying jobs
2026-10-01T19:11:46+0530  DEBUG     [job:-]  Polling cycle complete: no qualifying jobs
2026-10-01T19:11:46+0530  DEBUG     [job:-]  Polling cycle complete: no qualifying jobs
2026-10-01T19:11:50+0530  DEBUG     [job:-]  Polling cycle complete: no qualifying jobs
2026-10-01T19:11:51+0530  DEBUG     [job:-]  Polling cycle complete: no qualifying jobs
2026-10-01T19:11:52+0530  DEBUG     [job:-]  Polling cycle complete: no qualifying jobs
2026-10-01T19:11:56+0530  DEBUG     [job:-]  Polling cycle complete: no qualifying jobs
2026-10-01T19:11:57+0530  DEBUG     [job:-]  Polling cycle complete: no qualifying jobs
2026-10-01T19:11:57+0530  DEBUG     [job:-]  Polling cycle complete: no qualifying jobs
2026-10-01T19:12:01+0530  DEBUG     [job:-]  Polling cycle complete: no qualifying jobs
2026-10-01T19:12:02+0530  DEBUG     [job:-]  Polling cycle complete: no qualifying jobs
2026-10-01T19:12:03+0530  DEBUG     [job:-]  Polling cycle complete: no qualifying jobs
2026-10-01T19:12:07+0530  DEBUG     [job:-]  Polling cycle complete: no qualifying jobs
2026-10-01T19:12:08+0530  DEBUG     [job:-]  Polling cycle complete: no qualifying jobs
2026-10-01T19:12:09+0530  DEBUG     [job:-]  Polling cycle complete: no qualifying jobs
2026-10-01T19:12:12+0530  DEBUG     [job:-]  Polling cycle complete: no qualifying jobs
2026-10-01T19:12:14+0530  DEBUG     [job:-]  Polling cycle complete: no qualifying jobs
2026-10-01T19:12:14+0530  DEBUG     [job:-]  Polling cycle complete: no qualifying jobs
2026-10-01T19:12:18+0530  DEBUG     [job:-]  Polling cycle complete: no qualifying jobs
2026-10-01T19:12:19+0530  DEBUG     [job:-]  Polling cycle complete: no qualifying jobs
2026-10-01T19:12:20+0530  DEBUG     [job:-]  Polling cycle complete: no qualifying jobs
2026-10-01T19:12:24+0530  DEBUG     [job:-]  Polling cycle complete: no qualifying jobs
2026-10-01T19:12:25+0530  DEBUG     [job:-]  Polling cycle complete: no qualifying jobs
2026-10-01T19:12:25+0530  DEBUG     [job:-]  Polling cycle complete: no qualifying jobs
2026-10-01T19:12:29+0530  DEBUG     [job:-]  Polling cycle complete: no qualifying jobs
2026-10-01T19:12:30+0530  DEBUG     [job:-]  Polling cycle complete: no qualifying jobs
2026-10-01T19:12:31+0530  DEBUG     [job:-]  Polling cycle complete: no qualifying jobs
2026-10-01T19:12:35+0530  DEBUG     [job:-]  Polling cycle complete: no qualifying jobs
2026-10-01T19:12:36+0530  DEBUG     [job:-]  Polling cycle complete: no qualifying jobs
2026-10-01T19:12:36+0530  DEBUG     [job:-]  Polling cycle complete: no qualifying jobs
2026-10-01T19:12:40+0530  DEBUG     [job:-]  Polling cycle complete: no qualifying jobs
2026-10-01T19:12:41+0530  DEBUG     [job:-]  Polling cycle complete: no qualifying jobs
2026-10-01T19:12:42+0530  DEBUG     [job:-]  Polling cycle complete: no qualifying jobs
2026-10-01T19:12:46+0530  DEBUG     [job:-]  Polling cycle complete: no qualifying jobs
2026-10-01T19:12:47+0530  DEBUG     [job:-]  Polling cycle complete: no qualifying jobs
2026-10-01T19:12:47+0530  DEBUG     [job:-]  Polling cycle complete: no qualifying jobs
2026-10-01T19:12:51+0530  DEBUG     [job:-]  Polling cycle complete: no qualifying jobs
2026-10-01T19:12:52+0530  DEBUG     [job:-]  Polling cycle complete: no qualifying jobs
2026-10-01T19:12:53+0530  DEBUG     [job:-]  Polling cycle complete: no qualifying jobs
2026-10-01T19:12:56+0530  DEBUG     [job:-]  Polling cycle complete: no qualifying jobs
2026-10-01T19:12:57+0530  DEBUG     [job:-]  Polling cycle complete: no qualifying jobs
2026-10-01T19:12:58+0530  DEBUG     [job:-]  Polling cycle complete: no qualifying jobs
2026-10-01T19:13:02+0530  DEBUG     [job:-]  Polling cycle complete: no qualifying jobs
2026-10-01T19:13:03+0530  DEBUG     [job:-]  Polling cycle complete: no qualifying jobs
2026-10-01T19:13:04+0530  DEBUG     [job:-]  Polling cycle complete: no qualifying jobs
2026-10-01T19:13:08+0530  DEBUG     [job:-]  Polling cycle complete: no qualifying jobs
2026-10-01T19:13:08+0530  DEBUG     [job:-]  Polling cycle complete: no qualifying jobs
2026-10-01T19:13:10+0530  DEBUG     [job:-]  Polling cycle complete: no qualifying jobs
2026-10-01T19:13:13+0530  DEBUG     [job:-]  Polling cycle complete: no qualifying jobs
2026-10-01T19:13:14+0530  DEBUG     [job:-]  Polling cycle complete: no qualifying jobs
2026-10-01T19:13:15+0530  DEBUG     [job:-]  Polling cycle complete: no qualifying jobs
2026-10-01T19:13:19+0530  DEBUG     [job:-]  Polling cycle complete: no qualifying jobs
2026-10-01T19:13:20+0530  DEBUG     [job:-]  Polling cycle complete: no qualifying jobs
2026-10-01T19:13:21+0530  DEBUG     [job:-]  Polling cycle complete: no qualifying jobs
2026-10-01T19:13:24+0530  DEBUG     [job:-]  Polling cycle complete: no qualifying jobs
2026-10-01T19:13:25+0530  DEBUG     [job:-]  Polling cycle complete: no qualifying jobs
2026-10-01T19:13:27+0530  DEBUG     [job:-]  Polling cycle complete: no qualifying jobs
2026-10-01T19:13:30+0530  DEBUG     [job:-]  Polling cycle complete: no qualifying jobs
2026-10-01T19:13:31+0530  DEBUG     [job:-]  Polling cycle complete: no qualifying jobs
2026-10-01T19:13:32+0530  DEBUG     [job:-]  Polling cycle complete: no qualifying jobs
2026-10-01T19:13:35+0530  DEBUG     [job:-]  Polling cycle complete: no qualifying jobs
2026-10-01T19:13:36+0530  DEBUG     [job:-]  Polling cycle complete: no qualifying jobs
2026-10-01T19:13:38+0530  DEBUG     [job:-]  Polling cycle complete: no qualifying jobs
2026-10-01T19:13:41+0530  DEBUG     [job:-]  Polling cycle complete: no qualifying jobs
2026-10-01T19:13:42+0530  DEBUG     [job:-]  Polling cycle complete: no qualifying jobs
2026-10-01T19:13:43+0530  DEBUG     [job:-]  Polling cycle complete: no qualifying jobs
2026-10-01T19:13:46+0530  DEBUG     [job:-]  Polling cycle complete: no qualifying jobs
2026-10-01T19:13:47+0530  DEBUG     [job:-]  Polling cycle complete: no qualifying jobs
2026-10-01T19:13:49+0530  DEBUG     [job:-]  Polling cycle complete: no qualifying jobs
2026-10-01T19:13:52+0530  DEBUG     [job:-]  Polling cycle complete: no qualifying jobs
2026-10-01T19:13:53+0530  DEBUG     [job:-]  Polling cycle complete: no qualifying jobs
2026-10-01T19:13:54+0530  DEBUG     [job:-]  Polling cycle complete: no qualifying jobs
2026-10-01T19:13:57+0530  DEBUG     [job:-]  Polling cycle complete: no qualifying jobs
2026-10-01T19:13:58+0530  DEBUG     [job:-]  Polling cycle complete: no qualifying jobs
2026-10-01T19:14:00+0530  DEBUG     [job:-]  Polling cycle complete: no qualifying jobs
2026-10-01T19:14:03+0530  DEBUG     [job:-]  Polling cycle complete: no qualifying jobs
2026-10-01T19:14:04+0530  DEBUG     [job:-]  Polling cycle complete: no qualifying jobs
2026-10-01T19:14:06+0530  DEBUG     [job:-]  Polling cycle complete: no qualifying jobs
2026-10-01T19:14:08+0530  DEBUG     [job:-]  Polling cycle complete: no qualifying jobs
2026-10-01T19:14:09+0530  DEBUG     [job:-]  Polling cycle complete: no qualifying jobs
2026-10-01T19:14:12+0530  DEBUG     [job:-]  Polling cycle complete: no qualifying jobs
2026-10-01T19:14:14+0530  DEBUG     [job:-]  Polling cycle complete: no qualifying jobs
2026-10-01T19:14:15+0530  DEBUG     [job:-]  Polling cycle complete: no qualifying jobs
2026-10-01T19:14:17+0530  DEBUG     [job:-]  Polling cycle complete: no qualifying jobs
2026-10-01T19:14:19+0530  DEBUG     [job:-]  Polling cycle complete: no qualifying jobs
2026-10-01T19:14:20+0530  DEBUG     [job:-]  Polling cycle complete: no qualifying jobs
2026-10-01T19:14:22+0530  DEBUG     [job:-]  Polling cycle complete: no qualifying jobs
2026-10-01T19:14:25+0530  DEBUG     [job:-]  Polling cycle complete: no qualifying jobs
2026-10-01T19:14:26+0530  DEBUG     [job:-]  Polling cycle complete: no qualifying jobs
2026-10-01T19:14:28+0530  DEBUG     [job:-]  Polling cycle complete: no qualifying jobs
2026-10-01T19:14:30+0530  DEBUG     [job:-]  Polling cycle complete: no qualifying jobs
2026-10-01T19:14:32+0530  DEBUG     [job:-]  Polling cycle complete: no qualifying jobs
2026-10-01T19:14:33+0530  DEBUG     [job:-]  Polling cycle complete: no qualifying jobs
2026-10-01T19:14:36+0530  DEBUG     [job:-]  Polling cycle complete: no qualifying jobs
2026-10-01T19:14:37+0530  DEBUG     [job:-]  Polling cycle complete: no qualifying jobs
2026-10-01T19:14:39+0530  DEBUG     [job:-]  Polling cycle complete: no qualifying jobs
2026-10-01T19:14:41+0530  DEBUG     [job:-]  Polling cycle complete: no qualifying jobs
2026-10-01T19:14:43+0530  DEBUG     [job:-]  Polling cycle complete: no qualifying jobs
2026-10-01T19:14:45+0530  DEBUG     [job:-]  Polling cycle complete: no qualifying jobs
2026-10-01T19:14:47+0530  DEBUG     [job:-]  Polling cycle complete: no qualifying jobs
2026-10-01T19:14:48+0530  DEBUG     [job:-]  Polling cycle complete: no qualifying jobs
2026-10-01T19:14:50+0530  DEBUG     [job:-]  Polling cycle complete: no qualifying jobs
2026-10-01T19:14:52+0530  DEBUG     [job:-]  Polling cycle complete: no qualifying jobs
2026-10-01T19:14:54+0530  DEBUG     [job:-]  Polling cycle complete: no qualifying jobs
2026-10-01T19:14:56+0530  DEBUG     [job:-]  Polling cycle complete: no qualifying jobs
2026-10-01T19:14:58+0530  DEBUG     [job:-]  Polling cycle complete: no qualifying jobs
2026-10-01T19:14:59+0530  DEBUG     [job:-]  Polling cycle complete: no qualifying jobs
2026-10-01T19:15:01+0530  DEBUG     [job:-]  Polling cycle complete: no qualifying jobs
2026-10-01T19:15:03+0530  DEBUG     [job:-]  Polling cycle complete: no qualifying jobs
2026-10-01T19:15:05+0530  DEBUG     [job:-]  Polling cycle complete: no qualifying jobs
2026-10-01T19:15:07+0530  DEBUG     [job:-]  Polling cycle complete: no qualifying jobs
2026-10-01T19:15:09+0530  DEBUG     [job:-]  Polling cycle complete: no qualifying jobs
2026-10-01T19:15:11+0530  DEBUG     [job:-]  Polling cycle complete: no qualifying jobs
2026-10-01T19:15:12+0530  DEBUG     [job:-]  Polling cycle complete: no qualifying jobs
2026-10-01T19:15:14+0530  DEBUG     [job:-]  Polling cycle complete: no qualifying jobs
2026-10-01T19:15:16+0530  DEBUG     [job:-]  Polling cycle complete: no qualifying jobs
2026-10-01T19:15:18+0530  DEBUG     [job:-]  Polling cycle complete: no qualifying jobs
2026-10-01T19:15:20+0530  DEBUG     [job:-]  Polling cycle complete: no qualifying jobs
2026-10-01T19:15:22+0530  DEBUG     [job:-]  Polling cycle complete: no qualifying jobs
2026-10-01T19:15:23+0530  DEBUG     [job:-]  Polling cycle complete: no qualifying jobs
2026-10-01T19:15:25+0530  DEBUG     [job:-]  Polling cycle complete: no qualifying jobs
2026-10-01T19:15:27+0530  DEBUG     [job:-]  Polling cycle complete: no qualifying jobs
2026-10-01T19:15:29+0530  DEBUG     [job:-]  Polling cycle complete: no qualifying jobs
2026-10-01T19:15:31+0530  DEBUG     [job:-]  Polling cycle complete: no qualifying jobs
2026-10-01T19:15:33+0530  DEBUG     [job:-]  Polling cycle complete: no qualifying jobs
2026-10-01T19:15:34+0530  DEBUG     [job:-]  Polling cycle complete: no qualifying jobs
2026-10-01T19:15:37+0530  DEBUG     [job:-]  Polling cycle complete: no qualifying jobs
2026-10-01T19:15:39+0530  DEBUG     [job:-]  Polling cycle complete: no qualifying jobs
2026-10-01T19:15:40+0530  DEBUG     [job:-]  Polling cycle complete: no qualifying jobs
2026-10-01T19:15:42+0530  DEBUG     [job:-]  Polling cycle complete: no qualifying jobs
2026-10-01T19:15:44+0530  DEBUG     [job:-]  Polling cycle complete: no qualifying jobs
2026-10-01T19:15:45+0530  DEBUG     [job:-]  Polling cycle complete: no qualifying jobs
2026-10-01T19:15:48+0530  DEBUG     [job:-]  Polling cycle complete: no qualifying jobs
2026-10-01T19:15:50+0530  DEBUG     [job:-]  Polling cycle complete: no qualifying jobs
2026-10-01T19:15:51+0530  DEBUG     [job:-]  Polling cycle complete: no qualifying jobs
2026-10-01T19:15:53+0530  DEBUG     [job:-]  Polling cycle complete: no qualifying jobs
2026-10-01T19:15:55+0530  DEBUG     [job:-]  Polling cycle complete: no qualifying jobs
2026-10-01T19:15:57+0530  DEBUG     [job:-]  Polling cycle complete: no qualifying jobs
2026-10-01T19:15:59+0530  DEBUG     [job:-]  Polling cycle complete: no qualifying jobs
2026-10-01T19:16:01+0530  DEBUG     [job:-]  Polling cycle complete: no qualifying jobs
2026-10-01T19:16:02+0530  DEBUG     [job:-]  Polling cycle complete: no qualifying jobs
2026-10-01T19:16:04+0530  DEBUG     [job:-]  Polling cycle complete: no qualifying jobs
2026-10-01T19:16:06+0530  DEBUG     [job:-]  Polling cycle complete: no qualifying jobs
2026-10-01T19:16:08+0530  DEBUG     [job:-]  Polling cycle complete: no qualifying jobs
2026-10-01T19:16:10+0530  DEBUG     [job:-]  Polling cycle complete: no qualifying jobs
2026-10-01T19:16:12+0530  DEBUG     [job:-]  Polling cycle complete: no qualifying jobs
2026-10-01T19:16:14+0530  DEBUG     [job:-]  Polling cycle complete: no qualifying jobs
2026-10-01T19:16:15+0530  DEBUG     [job:-]  Polling cycle complete: no qualifying jobs
2026-10-01T19:16:17+0530  DEBUG     [job:-]  Polling cycle complete: no qualifying jobs
2026-10-01T19:16:19+0530  DEBUG     [job:-]  Polling cycle complete: no qualifying jobs
2026-10-01T19:16:21+0530  DEBUG     [job:-]  Polling cycle complete: no qualifying jobs
2026-10-01T19:16:23+0530  DEBUG     [job:-]  Polling cycle complete: no qualifying jobs
2026-10-01T19:16:24+0530  DEBUG     [job:-]  Polling cycle complete: no qualifying jobs
2026-10-01T19:16:27+0530  DEBUG     [job:-]  Polling cycle complete: no qualifying jobs
2026-10-01T19:16:28+0530  DEBUG     [job:-]  Polling cycle complete: no qualifying jobs
2026-10-01T19:16:30+0530  DEBUG     [job:-]  Polling cycle complete: no qualifying jobs
2026-10-01T19:16:32+0530  DEBUG     [job:-]  Polling cycle complete: no qualifying jobs
2026-10-01T19:16:34+0530  DEBUG     [job:-]  Polling cycle complete: no qualifying jobs
2026-10-01T19:16:35+0530  DEBUG     [job:-]  Polling cycle complete: no qualifying jobs
2026-10-01T19:16:38+0530  DEBUG     [job:-]  Polling cycle complete: no qualifying jobs
2026-10-01T19:16:39+0530  DEBUG     [job:-]  Polling cycle complete: no qualifying jobs
2026-10-01T19:16:41+0530  DEBUG     [job:-]  Polling cycle complete: no qualifying jobs
2026-10-01T19:16:43+0530  DEBUG     [job:-]  Polling cycle complete: no qualifying jobs
2026-10-01T19:16:45+0530  DEBUG     [job:-]  Polling cycle complete: no qualifying jobs
2026-10-01T19:16:47+0530  DEBUG     [job:-]  Polling cycle complete: no qualifying jobs
2026-10-01T19:16:49+0530  DEBUG     [job:-]  Polling cycle complete: no qualifying jobs
2026-10-01T19:16:51+0530  DEBUG     [job:-]  Polling cycle complete: no qualifying jobs
2026-10-01T19:16:53+0530  DEBUG     [job:-]  Polling cycle complete: no qualifying jobs
2026-10-01T19:16:55+0530  DEBUG     [job:-]  Polling cycle complete: no qualifying jobs
2026-10-01T19:16:56+0530  DEBUG     [job:-]  Polling cycle complete: no qualifying jobs
2026-10-01T19:16:58+0530  DEBUG     [job:-]  Polling cycle complete: no qualifying jobs
2026-10-01T19:17:00+0530  DEBUG     [job:-]  Polling cycle complete: no qualifying jobs
2026-10-01T19:17:02+0530  DEBUG     [job:-]  Polling cycle complete: no qualifying jobs
2026-10-01T19:17:04+0530  DEBUG     [job:-]  Polling cycle complete: no qualifying jobs
2026-10-01T19:17:06+0530  DEBUG     [job:-]  Polling cycle complete: no qualifying jobs
2026-10-01T19:17:07+0530  DEBUG     [job:-]  Polling cycle complete: no qualifying jobs
2026-10-01T19:17:09+0530  DEBUG     [job:-]  Polling cycle complete: no qualifying jobs
2026-10-01T19:17:11+0530  DEBUG     [job:-]  Polling cycle complete: no qualifying jobs
2026-10-01T19:17:13+0530  DEBUG     [job:-]  Polling cycle complete: no qualifying jobs
2026-10-01T19:17:15+0530  DEBUG     [job:-]  Polling cycle complete: no qualifying jobs
2026-10-01T19:17:17+0530  DEBUG     [job:-]  Polling cycle complete: no qualifying jobs
2026-10-01T19:17:18+0530  DEBUG     [job:-]  Polling cycle complete: no qualifying jobs
2026-10-01T19:17:21+0530  DEBUG     [job:-]  Polling cycle complete: no qualifying jobs
2026-10-01T19:17:23+0530  DEBUG     [job:-]  Polling cycle complete: no qualifying jobs
2026-10-01T19:17:24+0530  DEBUG     [job:-]  Polling cycle complete: no qualifying jobs
2026-10-01T19:17:26+0530  DEBUG     [job:-]  Polling cycle complete: no qualifying jobs
2026-10-01T19:17:28+0530  DEBUG     [job:-]  Polling cycle complete: no qualifying jobs
2026-10-01T19:17:29+0530  DEBUG     [job:-]  Polling cycle complete: no qualifying jobs
2026-10-01T19:17:32+0530  DEBUG     [job:-]  Polling cycle complete: no qualifying jobs
2026-10-01T19:17:34+0530  DEBUG     [job:-]  Polling cycle complete: no qualifying jobs
2026-10-01T19:17:35+0530  DEBUG     [job:-]  Polling cycle complete: no qualifying jobs
2026-10-01T19:17:37+0530  DEBUG     [job:-]  Polling cycle complete: no qualifying jobs
2026-10-01T19:17:39+0530  DEBUG     [job:-]  Polling cycle complete: no qualifying jobs
2026-10-01T19:17:40+0530  DEBUG     [job:-]  Polling cycle complete: no qualifying jobs
2026-10-01T19:17:43+0530  DEBUG     [job:-]  Polling cycle complete: no qualifying jobs
2026-10-01T19:17:45+0530  DEBUG     [job:-]  Polling cycle complete: no qualifying jobs
2026-10-01T19:17:46+0530  DEBUG     [job:-]  Polling cycle complete: no qualifying jobs
2026-10-01T19:17:48+0530  DEBUG     [job:-]  Polling cycle complete: no qualifying jobs
2026-10-01T19:17:51+0530  DEBUG     [job:-]  Polling cycle complete: no qualifying jobs
2026-10-01T19:17:52+0530  DEBUG     [job:-]  Polling cycle complete: no qualifying jobs
2026-10-01T19:17:54+0530  DEBUG     [job:-]  Polling cycle complete: no qualifying jobs
2026-10-01T19:17:56+0530  DEBUG     [job:-]  Polling cycle complete: no qualifying jobs
2026-10-01T19:17:57+0530  DEBUG     [job:-]  Polling cycle complete: no qualifying jobs
2026-10-01T19:17:59+0530  DEBUG     [job:-]  Polling cycle complete: no qualifying jobs
2026-10-01T19:18:02+0530  DEBUG     [job:-]  Polling cycle complete: no qualifying jobs
2026-10-01T19:18:03+0530  DEBUG     [job:-]  Polling cycle complete: no qualifying jobs
2026-10-01T19:18:05+0530  DEBUG     [job:-]  Polling cycle complete: no qualifying jobs
2026-10-01T19:18:07+0530  DEBUG     [job:-]  Polling cycle complete: no qualifying jobs
2026-10-01T19:18:08+0530  DEBUG     [job:-]  Polling cycle complete: no qualifying jobs
2026-10-01T19:18:10+0530  DEBUG     [job:-]  Polling cycle complete: no qualifying jobs
2026-10-01T19:18:13+0530  DEBUG     [job:-]  Polling cycle complete: no qualifying jobs
2026-10-01T19:18:14+0530  DEBUG     [job:-]  Polling cycle complete: no qualifying jobs
2026-10-01T19:18:16+0530  DEBUG     [job:-]  Polling cycle complete: no qualifying jobs
2026-10-01T19:18:18+0530  DEBUG     [job:-]  Polling cycle complete: no qualifying jobs
2026-10-01T19:18:19+0530  DEBUG     [job:-]  Polling cycle complete: no qualifying jobs
2026-10-01T19:18:22+0530  DEBUG     [job:-]  Polling cycle complete: no qualifying jobs
2026-10-01T19:18:24+0530  DEBUG     [job:-]  Polling cycle complete: no qualifying jobs
2026-10-01T19:18:25+0530  DEBUG     [job:-]  Polling cycle complete: no qualifying jobs
2026-10-01T19:18:27+0530  DEBUG     [job:-]  Polling cycle complete: no qualifying jobs
2026-10-01T19:18:29+0530  DEBUG     [job:-]  Polling cycle complete: no qualifying jobs
2026-10-01T19:18:32+0530  DEBUG     [job:-]  Polling cycle complete: no qualifying jobs
2026-10-01T19:18:33+0530  DEBUG     [job:-]  Polling cycle complete: no qualifying jobs
2026-10-01T19:18:35+0530  DEBUG     [job:-]  Polling cycle complete: no qualifying jobs
2026-10-01T19:18:37+0530  DEBUG     [job:-]  Polling cycle complete: no qualifying jobs
2026-10-01T19:18:38+0530  DEBUG     [job:-]  Polling cycle complete: no qualifying jobs
2026-10-01T19:18:40+0530  DEBUG     [job:-]  Polling cycle complete: no qualifying jobs
2026-10-01T19:18:43+0530  DEBUG     [job:-]  Polling cycle complete: no qualifying jobs
2026-10-01T19:18:44+0530  DEBUG     [job:-]  Polling cycle complete: no qualifying jobs
2026-10-01T19:18:46+0530  DEBUG     [job:-]  Polling cycle complete: no qualifying jobs
2026-10-01T19:18:48+0530  DEBUG     [job:-]  Polling cycle complete: no qualifying jobs
2026-10-01T19:18:49+0530  DEBUG     [job:-]  Polling cycle complete: no qualifying jobs
2026-10-01T19:18:51+0530  DEBUG     [job:-]  Polling cycle complete: no qualifying jobs
2026-10-01T19:18:54+0530  DEBUG     [job:-]  Polling cycle complete: no qualifying jobs
2026-10-01T19:18:55+0530  DEBUG     [job:-]  Polling cycle complete: no qualifying jobs
2026-10-01T19:18:57+0530  DEBUG     [job:-]  Polling cycle complete: no qualifying jobs
2026-10-01T19:19:00+0530  DEBUG     [job:-]  Polling cycle complete: no qualifying jobs
2026-10-01T19:19:00+0530  DEBUG     [job:-]  Polling cycle complete: no qualifying jobs
2026-10-01T19:19:02+0530  DEBUG     [job:-]  Polling cycle complete: no qualifying jobs
2026-10-01T19:19:05+0530  DEBUG     [job:-]  Polling cycle complete: no qualifying jobs
2026-10-01T19:19:06+0530  DEBUG     [job:-]  Polling cycle complete: no qualifying jobs
2026-10-01T19:19:08+0530  DEBUG     [job:-]  Polling cycle complete: no qualifying jobs
2026-10-01T19:19:11+0530  DEBUG     [job:-]  Polling cycle complete: no qualifying jobs
2026-10-01T19:19:11+0530  DEBUG     [job:-]  Polling cycle complete: no qualifying jobs
2026-10-01T19:19:13+0530  DEBUG     [job:-]  Polling cycle complete: no qualifying jobs
2026-10-01T19:19:16+0530  DEBUG     [job:-]  Polling cycle complete: no qualifying jobs
2026-10-01T19:19:17+0530  DEBUG     [job:-]  Polling cycle complete: no qualifying jobs
2026-10-01T19:19:19+0530  DEBUG     [job:-]  Polling cycle complete: no qualifying jobs
2026-10-01T19:19:21+0530  DEBUG     [job:-]  Polling cycle complete: no qualifying jobs
2026-10-01T19:19:22+0530  DEBUG     [job:-]  Polling cycle complete: no qualifying jobs
2026-10-01T19:19:24+0530  DEBUG     [job:-]  Polling cycle complete: no qualifying jobs
2026-10-01T19:19:27+0530  DEBUG     [job:-]  Polling cycle complete: no qualifying jobs
2026-10-01T19:19:28+0530  DEBUG     [job:-]  Polling cycle complete: no qualifying jobs
2026-10-01T19:19:30+0530  DEBUG     [job:-]  Polling cycle complete: no qualifying jobs
2026-10-01T19:19:32+0530  DEBUG     [job:-]  Polling cycle complete: no qualifying jobs
2026-10-01T19:19:33+0530  DEBUG     [job:-]  Polling cycle complete: no qualifying jobs
2026-10-01T19:19:36+0530  DEBUG     [job:-]  Polling cycle complete: no qualifying jobs
2026-10-01T19:19:38+0530  DEBUG     [job:-]  Polling cycle complete: no qualifying jobs
2026-10-01T19:19:39+0530  DEBUG     [job:-]  Polling cycle complete: no qualifying jobs
2026-10-01T19:19:41+0530  DEBUG     [job:-]  Polling cycle complete: no qualifying jobs
2026-10-01T19:19:43+0530  DEBUG     [job:-]  Polling cycle complete: no qualifying jobs
2026-10-01T19:19:44+0530  DEBUG     [job:-]  Polling cycle complete: no qualifying jobs
2026-10-01T19:19:46+0530  DEBUG     [job:-]  Polling cycle complete: no qualifying jobs
2026-10-01T19:19:49+0530  DEBUG     [job:-]  Polling cycle complete: no qualifying jobs
2026-10-01T19:19:50+0530  DEBUG     [job:-]  Polling cycle complete: no qualifying jobs
2026-10-01T19:19:52+0530  DEBUG     [job:-]  Polling cycle complete: no qualifying jobs
2026-10-01T19:19:54+0530  DEBUG     [job:-]  Polling cycle complete: no qualifying jobs
2026-10-01T19:19:55+0530  DEBUG     [job:-]  Polling cycle complete: no qualifying jobs
2026-10-01T19:19:57+0530  DEBUG     [job:-]  Polling cycle complete: no qualifying jobs
2026-10-01T19:20:00+0530  DEBUG     [job:-]  Polling cycle complete: no qualifying jobs
2026-10-01T19:20:01+0530  DEBUG     [job:-]  Polling cycle complete: no qualifying jobs
2026-10-01T19:20:03+0530  DEBUG     [job:-]  Polling cycle complete: no qualifying jobs
2026-10-01T19:20:05+0530  DEBUG     [job:-]  Polling cycle complete: no qualifying jobs
2026-10-01T19:20:06+0530  DEBUG     [job:-]  Polling cycle complete: no qualifying jobs
2026-10-01T19:20:09+0530  DEBUG     [job:-]  Polling cycle complete: no qualifying jobs
2026-10-01T19:20:11+0530  DEBUG     [job:-]  Polling cycle complete: no qualifying jobs
2026-10-01T19:20:12+0530  DEBUG     [job:-]  Polling cycle complete: no qualifying jobs
2026-10-01T19:20:14+0530  DEBUG     [job:-]  Polling cycle complete: no qualifying jobs
2026-10-01T19:20:16+0530  DEBUG     [job:-]  Polling cycle complete: no qualifying jobs
2026-10-01T19:20:17+0530  DEBUG     [job:-]  Polling cycle complete: no qualifying jobs
2026-10-01T19:20:20+0530  DEBUG     [job:-]  Polling cycle complete: no qualifying jobs
2026-10-01T19:20:22+0530  DEBUG     [job:-]  Polling cycle complete: no qualifying jobs
2026-10-01T19:20:23+0530  DEBUG     [job:-]  Polling cycle complete: no qualifying jobs
2026-10-01T19:20:25+0530  DEBUG     [job:-]  Polling cycle complete: no qualifying jobs
2026-10-01T19:20:27+0530  DEBUG     [job:-]  Polling cycle complete: no qualifying jobs
2026-10-01T19:20:28+0530  DEBUG     [job:-]  Polling cycle complete: no qualifying jobs
2026-10-01T19:20:30+0530  DEBUG     [job:-]  Polling cycle complete: no qualifying jobs
2026-10-01T19:20:33+0530  DEBUG     [job:-]  Polling cycle complete: no qualifying jobs
2026-10-01T19:20:34+0530  DEBUG     [job:-]  Polling cycle complete: no qualifying jobs
2026-10-01T19:20:36+0530  DEBUG     [job:-]  Polling cycle complete: no qualifying jobs
2026-10-01T19:20:38+0530  DEBUG     [job:-]  Polling cycle complete: no qualifying jobs
2026-10-01T19:20:39+0530  DEBUG     [job:-]  Polling cycle complete: no qualifying jobs
2026-10-01T19:20:41+0530  DEBUG     [job:-]  Polling cycle complete: no qualifying jobs
2026-10-01T19:20:44+0530  DEBUG     [job:-]  Polling cycle complete: no qualifying jobs
2026-10-01T19:20:45+0530  DEBUG     [job:-]  Polling cycle complete: no qualifying jobs
2026-10-01T19:20:47+0530  DEBUG     [job:-]  Polling cycle complete: no qualifying jobs
2026-10-01T19:20:49+0530  DEBUG     [job:-]  Polling cycle complete: no qualifying jobs
2026-10-01T19:20:50+0530  DEBUG     [job:-]  Polling cycle complete: no qualifying jobs
2026-10-01T19:20:52+0530  DEBUG     [job:-]  Polling cycle complete: no qualifying jobs
2026-10-01T19:20:55+0530  DEBUG     [job:-]  Polling cycle complete: no qualifying jobs
2026-10-01T19:20:56+0530  DEBUG     [job:-]  Polling cycle complete: no qualifying jobs
2026-10-01T19:20:58+0530  DEBUG     [job:-]  Polling cycle complete: no qualifying jobs
2026-10-01T19:21:00+0530  DEBUG     [job:-]  Polling cycle complete: no qualifying jobs
2026-10-01T19:21:01+0530  DEBUG     [job:-]  Polling cycle complete: no qualifying jobs
2026-10-01T19:21:03+0530  DEBUG     [job:-]  Polling cycle complete: no qualifying jobs
2026-10-01T19:21:06+0530  DEBUG     [job:-]  Polling cycle complete: no qualifying jobs
2026-10-01T19:21:07+0530  DEBUG     [job:-]  Polling cycle complete: no qualifying jobs
2026-10-01T19:21:09+0530  DEBUG     [job:-]  Polling cycle complete: no qualifying jobs
2026-10-01T19:21:12+0530  DEBUG     [job:-]  Polling cycle complete: no qualifying jobs
2026-10-01T19:21:12+0530  DEBUG     [job:-]  Polling cycle complete: no qualifying jobs
2026-10-01T19:21:14+0530  DEBUG     [job:-]  Polling cycle complete: no qualifying jobs
2026-10-01T19:21:17+0530  DEBUG     [job:-]  Polling cycle complete: no qualifying jobs
2026-10-01T19:21:18+0530  DEBUG     [job:-]  Polling cycle complete: no qualifying jobs
2026-10-01T19:21:20+0530  DEBUG     [job:-]  Polling cycle complete: no qualifying jobs
2026-10-01T19:21:23+0530  DEBUG     [job:-]  Polling cycle complete: no qualifying jobs
2026-10-01T19:21:23+0530  DEBUG     [job:-]  Polling cycle complete: no qualifying jobs
2026-10-01T19:21:25+0530  DEBUG     [job:-]  Polling cycle complete: no qualifying jobs
2026-10-01T19:21:28+0530  DEBUG     [job:-]  Polling cycle complete: no qualifying jobs
2026-10-01T19:21:29+0530  DEBUG     [job:-]  Polling cycle complete: no qualifying jobs
2026-10-01T19:21:31+0530  DEBUG     [job:-]  Polling cycle complete: no qualifying jobs
2026-10-01T19:21:34+0530  DEBUG     [job:-]  Polling cycle complete: no qualifying jobs
2026-10-01T19:21:35+0530  DEBUG     [job:-]  Polling cycle complete: no qualifying jobs
2026-10-01T19:21:36+0530  DEBUG     [job:-]  Polling cycle complete: no qualifying jobs
2026-10-01T19:21:39+0530  DEBUG     [job:-]  Polling cycle complete: no qualifying jobs
2026-10-01T19:21:40+0530  DEBUG     [job:-]  Polling cycle complete: no qualifying jobs
2026-10-01T19:21:42+0530  DEBUG     [job:-]  Polling cycle complete: no qualifying jobs
2026-10-01T19:21:45+0530  DEBUG     [job:-]  Polling cycle complete: no qualifying jobs
2026-10-01T19:21:46+0530  DEBUG     [job:-]  Polling cycle complete: no qualifying jobs
2026-10-01T19:21:47+0530  DEBUG     [job:-]  Polling cycle complete: no qualifying jobs
2026-10-01T19:21:50+0530  DEBUG     [job:-]  Polling cycle complete: no qualifying jobs
2026-10-01T19:21:51+0530  DEBUG     [job:-]  Polling cycle complete: no qualifying jobs
2026-10-01T19:21:53+0530  DEBUG     [job:-]  Polling cycle complete: no qualifying jobs
2026-10-01T19:21:56+0530  DEBUG     [job:-]  Polling cycle complete: no qualifying jobs
2026-10-01T19:21:57+0530  DEBUG     [job:-]  Polling cycle complete: no qualifying jobs
2026-10-01T19:21:59+0530  DEBUG     [job:-]  Polling cycle complete: no qualifying jobs
2026-10-01T19:22:01+0530  DEBUG     [job:-]  Polling cycle complete: no qualifying jobs
2026-10-01T19:22:02+0530  DEBUG     [job:-]  Polling cycle complete: no qualifying jobs
2026-10-01T19:22:04+0530  DEBUG     [job:-]  Polling cycle complete: no qualifying jobs
2026-10-01T19:22:07+0530  DEBUG     [job:-]  Polling cycle complete: no qualifying jobs
2026-10-01T19:22:08+0530  DEBUG     [job:-]  Polling cycle complete: no qualifying jobs
2026-10-01T19:22:10+0530  DEBUG     [job:-]  Polling cycle complete: no qualifying jobs
2026-10-01T19:22:12+0530  DEBUG     [job:-]  Polling cycle complete: no qualifying jobs
2026-10-01T19:22:13+0530  DEBUG     [job:-]  Polling cycle complete: no qualifying jobs
2026-10-01T19:22:15+0530  DEBUG     [job:-]  Polling cycle complete: no qualifying jobs
2026-10-01T19:22:18+0530  DEBUG     [job:-]  Polling cycle complete: no qualifying jobs
2026-10-01T19:22:18+0530  DEBUG     [job:-]  Polling cycle complete: no qualifying jobs
2026-10-01T19:22:21+0530  DEBUG     [job:-]  Polling cycle complete: no qualifying jobs
2026-10-01T19:22:24+0530  DEBUG     [job:-]  Polling cycle complete: no qualifying jobs
2026-10-01T19:22:24+0530  DEBUG     [job:-]  Polling cycle complete: no qualifying jobs
2026-10-01T19:22:26+0530  DEBUG     [job:-]  Polling cycle complete: no qualifying jobs
2026-10-01T19:22:29+0530  DEBUG     [job:-]  Polling cycle complete: no qualifying jobs
2026-10-01T19:22:29+0530  DEBUG     [job:-]  Polling cycle complete: no qualifying jobs
2026-10-01T19:22:32+0530  DEBUG     [job:-]  Polling cycle complete: no qualifying jobs
2026-10-01T19:22:35+0530  DEBUG     [job:-]  Polling cycle complete: no qualifying jobs
2026-10-01T19:22:35+0530  DEBUG     [job:-]  Polling cycle complete: no qualifying jobs
2026-10-01T19:22:37+0530  DEBUG     [job:-]  Polling cycle complete: no qualifying jobs
2026-10-01T19:22:40+0530  DEBUG     [job:-]  Polling cycle complete: no qualifying jobs
2026-10-01T19:22:40+0530  DEBUG     [job:-]  Polling cycle complete: no qualifying jobs
2026-10-01T19:22:43+0530  DEBUG     [job:-]  Polling cycle complete: no qualifying jobs
2026-10-01T19:22:46+0530  DEBUG     [job:-]  Polling cycle complete: no qualifying jobs
2026-10-01T19:22:46+0530  DEBUG     [job:-]  Polling cycle complete: no qualifying jobs
2026-10-01T19:22:49+0530  DEBUG     [job:-]  Polling cycle complete: no qualifying jobs
2026-10-01T19:22:51+0530  DEBUG     [job:-]  Polling cycle complete: no qualifying jobs
2026-10-01T19:22:52+0530  DEBUG     [job:-]  Polling cycle complete: no qualifying jobs
2026-10-01T19:22:54+0530  DEBUG     [job:-]  Polling cycle complete: no qualifying jobs
2026-10-01T19:22:57+0530  DEBUG     [job:-]  Polling cycle complete: no qualifying jobs
2026-10-01T19:22:57+0530  DEBUG     [job:-]  Polling cycle complete: no qualifying jobs
2026-10-01T19:23:00+0530  DEBUG     [job:-]  Polling cycle complete: no qualifying jobs
2026-10-01T19:23:02+0530  DEBUG     [job:-]  Polling cycle complete: no qualifying jobs
2026-10-01T19:23:03+0530  DEBUG     [job:-]  Polling cycle complete: no qualifying jobs
2026-10-01T19:23:05+0530  DEBUG     [job:-]  Polling cycle complete: no qualifying jobs
2026-10-01T19:23:08+0530  DEBUG     [job:-]  Polling cycle complete: no qualifying jobs
2026-10-01T19:23:09+0530  DEBUG     [job:-]  Polling cycle complete: no qualifying jobs
2026-10-01T19:23:10+0530  DEBUG     [job:-]  Polling cycle complete: no qualifying jobs
2026-10-01T19:23:13+0530  DEBUG     [job:-]  Polling cycle complete: no qualifying jobs
2026-10-01T19:23:14+0530  DEBUG     [job:-]  Polling cycle complete: no qualifying jobs
2026-10-01T19:23:16+0530  DEBUG     [job:-]  Polling cycle complete: no qualifying jobs
2026-10-01T19:23:19+0530  DEBUG     [job:-]  Polling cycle complete: no qualifying jobs
2026-10-01T19:23:20+0530  DEBUG     [job:-]  Polling cycle complete: no qualifying jobs
2026-10-01T19:23:21+0530  DEBUG     [job:-]  Polling cycle complete: no qualifying jobs
2026-10-01T19:23:24+0530  DEBUG     [job:-]  Polling cycle complete: no qualifying jobs
2026-10-01T19:23:25+0530  DEBUG     [job:-]  Polling cycle complete: no qualifying jobs
2026-10-01T19:23:27+0530  DEBUG     [job:-]  Polling cycle complete: no qualifying jobs
2026-10-01T19:23:30+0530  DEBUG     [job:-]  Polling cycle complete: no qualifying jobs
2026-10-01T19:23:31+0530  DEBUG     [job:-]  Polling cycle complete: no qualifying jobs
2026-10-01T19:23:32+0530  DEBUG     [job:-]  Polling cycle complete: no qualifying jobs
2026-10-01T19:23:35+0530  DEBUG     [job:-]  Polling cycle complete: no qualifying jobs
2026-10-01T19:23:36+0530  DEBUG     [job:-]  Polling cycle complete: no qualifying jobs
2026-10-01T19:23:38+0530  DEBUG     [job:-]  Polling cycle complete: no qualifying jobs
2026-10-01T19:23:41+0530  DEBUG     [job:-]  Polling cycle complete: no qualifying jobs
2026-10-01T19:23:42+0530  DEBUG     [job:-]  Polling cycle complete: no qualifying jobs
2026-10-01T19:23:43+0530  DEBUG     [job:-]  Polling cycle complete: no qualifying jobs
2026-10-01T19:23:46+0530  DEBUG     [job:-]  Polling cycle complete: no qualifying jobs
2026-10-01T19:23:47+0530  DEBUG     [job:-]  Polling cycle complete: no qualifying jobs
2026-10-01T19:23:49+0530  DEBUG     [job:-]  Polling cycle complete: no qualifying jobs
2026-10-01T19:23:52+0530  DEBUG     [job:-]  Polling cycle complete: no qualifying jobs
2026-10-01T19:23:53+0530  DEBUG     [job:-]  Polling cycle complete: no qualifying jobs
2026-10-01T19:23:54+0530  DEBUG     [job:-]  Polling cycle complete: no qualifying jobs
2026-10-01T19:23:57+0530  DEBUG     [job:-]  Polling cycle complete: no qualifying jobs
2026-10-01T19:23:58+0530  DEBUG     [job:-]  Polling cycle complete: no qualifying jobs
2026-10-01T19:24:00+0530  DEBUG     [job:-]  Polling cycle complete: no qualifying jobs
2026-10-01T19:24:03+0530  DEBUG     [job:-]  Polling cycle complete: no qualifying jobs
2026-10-01T19:24:04+0530  DEBUG     [job:-]  Polling cycle complete: no qualifying jobs
2026-10-01T19:24:05+0530  DEBUG     [job:-]  Polling cycle complete: no qualifying jobs
2026-10-01T19:24:09+0530  DEBUG     [job:-]  Polling cycle complete: no qualifying jobs
2026-10-01T19:24:09+0530  DEBUG     [job:-]  Polling cycle complete: no qualifying jobs
2026-10-01T19:24:11+0530  DEBUG     [job:-]  Polling cycle complete: no qualifying jobs
2026-10-01T19:24:14+0530  DEBUG     [job:-]  Polling cycle complete: no qualifying jobs
2026-10-01T19:24:15+0530  DEBUG     [job:-]  Polling cycle complete: no qualifying jobs
2026-10-01T19:24:16+0530  DEBUG     [job:-]  Polling cycle complete: no qualifying jobs
2026-10-01T19:24:20+0530  DEBUG     [job:-]  Polling cycle complete: no qualifying jobs
2026-10-01T19:24:20+0530  DEBUG     [job:-]  Polling cycle complete: no qualifying jobs
2026-10-01T19:24:22+0530  DEBUG     [job:-]  Polling cycle complete: no qualifying jobs
2026-10-01T19:24:25+0530  DEBUG     [job:-]  Polling cycle complete: no qualifying jobs
2026-10-01T19:24:26+0530  DEBUG     [job:-]  Polling cycle complete: no qualifying jobs
2026-10-01T19:24:27+0530  DEBUG     [job:-]  Polling cycle complete: no qualifying jobs
2026-10-01T19:24:31+0530  DEBUG     [job:-]  Polling cycle complete: no qualifying jobs
2026-10-01T19:24:31+0530  DEBUG     [job:-]  Polling cycle complete: no qualifying jobs
2026-10-01T19:24:33+0530  DEBUG     [job:-]  Polling cycle complete: no qualifying jobs
2026-10-01T19:24:36+0530  DEBUG     [job:-]  Polling cycle complete: no qualifying jobs
2026-10-01T19:24:37+0530  DEBUG     [job:-]  Polling cycle complete: no qualifying jobs
2026-10-01T19:24:38+0530  DEBUG     [job:-]  Polling cycle complete: no qualifying jobs
2026-10-01T19:24:42+0530  DEBUG     [job:-]  Polling cycle complete: no qualifying jobs
2026-10-01T19:24:42+0530  DEBUG     [job:-]  Polling cycle complete: no qualifying jobs
2026-10-01T19:24:44+0530  DEBUG     [job:-]  Polling cycle complete: no qualifying jobs
2026-10-01T19:24:47+0530  DEBUG     [job:-]  Polling cycle complete: no qualifying jobs
2026-10-01T19:24:48+0530  DEBUG     [job:-]  Polling cycle complete: no qualifying jobs
2026-10-01T19:24:49+0530  DEBUG     [job:-]  Polling cycle complete: no qualifying jobs
2026-10-01T19:24:53+0530  DEBUG     [job:-]  Polling cycle complete: no qualifying jobs
2026-10-01T19:24:53+0530  DEBUG     [job:-]  Polling cycle complete: no qualifying jobs
2026-10-01T19:24:55+0530  DEBUG     [job:-]  Polling cycle complete: no qualifying jobs
2026-10-01T19:24:58+0530  DEBUG     [job:-]  Polling cycle complete: no qualifying jobs
2026-10-01T19:24:59+0530  DEBUG     [job:-]  Polling cycle complete: no qualifying jobs
2026-10-01T19:25:00+0530  DEBUG     [job:-]  Polling cycle complete: no qualifying jobs
2026-10-01T19:25:04+0530  DEBUG     [job:-]  Polling cycle complete: no qualifying jobs
2026-10-01T19:25:04+0530  DEBUG     [job:-]  Polling cycle complete: no qualifying jobs
2026-10-01T19:25:06+0530  DEBUG     [job:-]  Polling cycle complete: no qualifying jobs
2026-10-01T19:25:10+0530  DEBUG     [job:-]  Polling cycle complete: no qualifying jobs
2026-10-01T19:25:10+0530  DEBUG     [job:-]  Polling cycle complete: no qualifying jobs
2026-10-01T19:25:11+0530  DEBUG     [job:-]  Polling cycle complete: no qualifying jobs
2026-10-01T19:25:15+0530  DEBUG     [job:-]  Polling cycle complete: no qualifying jobs
2026-10-01T19:25:16+0530  DEBUG     [job:-]  Polling cycle complete: no qualifying jobs
2026-10-01T19:25:17+0530  DEBUG     [job:-]  Polling cycle complete: no qualifying jobs
2026-10-01T19:25:21+0530  DEBUG     [job:-]  Polling cycle complete: no qualifying jobs
2026-10-01T19:25:21+0530  DEBUG     [job:-]  Polling cycle complete: no qualifying jobs
2026-10-01T19:25:22+0530  DEBUG     [job:-]  Polling cycle complete: no qualifying jobs
2026-10-01T19:25:26+0530  DEBUG     [job:-]  Polling cycle complete: no qualifying jobs
2026-10-01T19:25:27+0530  DEBUG     [job:-]  Polling cycle complete: no qualifying jobs
2026-10-01T19:25:28+0530  DEBUG     [job:-]  Polling cycle complete: no qualifying jobs
2026-10-01T19:25:32+0530  DEBUG     [job:-]  Polling cycle complete: no qualifying jobs
2026-10-01T19:25:32+0530  DEBUG     [job:-]  Polling cycle complete: no qualifying jobs
2026-10-01T19:25:33+0530  DEBUG     [job:-]  Polling cycle complete: no qualifying jobs
2026-10-01T19:25:37+0530  DEBUG     [job:-]  Polling cycle complete: no qualifying jobs
2026-10-01T19:25:38+0530  DEBUG     [job:-]  Polling cycle complete: no qualifying jobs
2026-10-01T19:25:39+0530  DEBUG     [job:-]  Polling cycle complete: no qualifying jobs
2026-10-01T19:25:43+0530  DEBUG     [job:-]  Polling cycle complete: no qualifying jobs
2026-10-01T19:25:43+0530  DEBUG     [job:-]  Polling cycle complete: no qualifying jobs
2026-10-01T19:25:44+0530  DEBUG     [job:-]  Polling cycle complete: no qualifying jobs
2026-10-01T19:25:48+0530  DEBUG     [job:-]  Polling cycle complete: no qualifying jobs
2026-10-01T19:25:48+0530  DEBUG     [job:-]  Polling cycle complete: no qualifying jobs
2026-10-01T19:25:50+0530  DEBUG     [job:-]  Polling cycle complete: no qualifying jobs
2026-10-01T19:25:54+0530  DEBUG     [job:-]  Polling cycle complete: no qualifying jobs
2026-10-01T19:25:54+0530  DEBUG     [job:-]  Polling cycle complete: no qualifying jobs
2026-10-01T19:25:55+0530  DEBUG     [job:-]  Polling cycle complete: no qualifying jobs
2026-10-01T19:25:59+0530  DEBUG     [job:-]  Polling cycle complete: no qualifying jobs
2026-10-01T19:25:59+0530  DEBUG     [job:-]  Polling cycle complete: no qualifying jobs
2026-10-01T19:26:01+0530  DEBUG     [job:-]  Polling cycle complete: no qualifying jobs
2026-10-01T19:26:05+0530  DEBUG     [job:-]  Polling cycle complete: no qualifying jobs
2026-10-01T19:26:05+0530  DEBUG     [job:-]  Polling cycle complete: no qualifying jobs
2026-10-01T19:26:06+0530  DEBUG     [job:-]  Polling cycle complete: no qualifying jobs
2026-10-01T19:26:10+0530  DEBUG     [job:-]  Polling cycle complete: no qualifying jobs
2026-10-01T19:26:10+0530  DEBUG     [job:-]  Polling cycle complete: no qualifying jobs
2026-10-01T19:26:12+0530  DEBUG     [job:-]  Polling cycle complete: no qualifying jobs
2026-10-01T19:26:16+0530  DEBUG     [job:-]  Polling cycle complete: no qualifying jobs
2026-10-01T19:26:16+0530  DEBUG     [job:-]  Polling cycle complete: no qualifying jobs
2026-10-01T19:26:17+0530  DEBUG     [job:-]  Polling cycle complete: no qualifying jobs
2026-10-01T19:26:21+0530  DEBUG     [job:-]  Polling cycle complete: no qualifying jobs
2026-10-01T19:26:21+0530  DEBUG     [job:-]  Polling cycle complete: no qualifying jobs
2026-10-01T19:26:23+0530  DEBUG     [job:-]  Polling cycle complete: no qualifying jobs
2026-10-01T19:26:27+0530  DEBUG     [job:-]  Polling cycle complete: no qualifying jobs
2026-10-01T19:26:27+0530  DEBUG     [job:-]  Polling cycle complete: no qualifying jobs
2026-10-01T19:26:28+0530  DEBUG     [job:-]  Polling cycle complete: no qualifying jobs
2026-10-01T19:26:32+0530  DEBUG     [job:-]  Polling cycle complete: no qualifying jobs
2026-10-01T19:26:32+0530  DEBUG     [job:-]  Polling cycle complete: no qualifying jobs
2026-10-01T19:26:34+0530  DEBUG     [job:-]  Polling cycle complete: no qualifying jobs
2026-10-01T19:26:38+0530  DEBUG     [job:-]  Polling cycle complete: no qualifying jobs
2026-10-01T19:26:38+0530  DEBUG     [job:-]  Polling cycle complete: no qualifying jobs
2026-10-01T19:26:40+0530  DEBUG     [job:-]  Polling cycle complete: no qualifying jobs
2026-10-01T19:26:43+0530  DEBUG     [job:-]  Polling cycle complete: no qualifying jobs
2026-10-01T19:26:43+0530  DEBUG     [job:-]  Polling cycle complete: no qualifying jobs
2026-10-01T19:26:45+0530  DEBUG     [job:-]  Polling cycle complete: no qualifying jobs
2026-10-01T19:26:49+0530  DEBUG     [job:-]  Polling cycle complete: no qualifying jobs
2026-10-01T19:26:49+0530  DEBUG     [job:-]  Polling cycle complete: no qualifying jobs
2026-10-01T19:26:51+0530  DEBUG     [job:-]  Polling cycle complete: no qualifying jobs
2026-10-01T19:26:54+0530  DEBUG     [job:-]  Polling cycle complete: no qualifying jobs
2026-10-01T19:26:54+0530  DEBUG     [job:-]  Polling cycle complete: no qualifying jobs
2026-10-01T19:26:56+0530  DEBUG     [job:-]  Polling cycle complete: no qualifying jobs
2026-10-01T19:27:00+0530  DEBUG     [job:-]  Polling cycle complete: no qualifying jobs
2026-10-01T19:27:00+0530  DEBUG     [job:-]  Polling cycle complete: no qualifying jobs
2026-10-01T19:27:02+0530  DEBUG     [job:-]  Polling cycle complete: no qualifying jobs
2026-10-01T19:27:06+0530  DEBUG     [job:-]  Polling cycle complete: no qualifying jobs
2026-10-01T19:27:06+0530  DEBUG     [job:-]  Polling cycle complete: no qualifying jobs
2026-10-01T19:27:08+0530  DEBUG     [job:-]  Polling cycle complete: no qualifying jobs
2026-10-01T19:27:11+0530  DEBUG     [job:-]  Polling cycle complete: no qualifying jobs
2026-10-01T19:27:12+0530  DEBUG     [job:-]  Polling cycle complete: no qualifying jobs
2026-10-01T19:27:13+0530  DEBUG     [job:-]  Polling cycle complete: no qualifying jobs
2026-10-01T19:27:17+0530  DEBUG     [job:-]  Polling cycle complete: no qualifying jobs
2026-10-01T19:27:17+0530  DEBUG     [job:-]  Polling cycle complete: no qualifying jobs
2026-10-01T19:27:19+0530  DEBUG     [job:-]  Polling cycle complete: no qualifying jobs
2026-10-01T19:27:22+0530  DEBUG     [job:-]  Polling cycle complete: no qualifying jobs
2026-10-01T19:27:23+0530  DEBUG     [job:-]  Polling cycle complete: no qualifying jobs
2026-10-01T19:27:24+0530  DEBUG     [job:-]  Polling cycle complete: no qualifying jobs
2026-10-01T19:27:28+0530  DEBUG     [job:-]  Polling cycle complete: no qualifying jobs
2026-10-01T19:27:29+0530  DEBUG     [job:-]  Polling cycle complete: no qualifying jobs
2026-10-01T19:27:30+0530  DEBUG     [job:-]  Polling cycle complete: no qualifying jobs
2026-10-01T19:27:34+0530  DEBUG     [job:-]  Polling cycle complete: no qualifying jobs
2026-10-01T19:27:34+0530  DEBUG     [job:-]  Polling cycle complete: no qualifying jobs
2026-10-01T19:27:36+0530  DEBUG     [job:-]  Polling cycle complete: no qualifying jobs
2026-10-01T19:27:39+0530  DEBUG     [job:-]  Polling cycle complete: no qualifying jobs
2026-10-01T19:27:40+0530  DEBUG     [job:-]  Polling cycle complete: no qualifying jobs
2026-10-01T19:27:41+0530  DEBUG     [job:-]  Polling cycle complete: no qualifying jobs
2026-10-01T19:27:44+0530  DEBUG     [job:-]  Polling cycle complete: no qualifying jobs
2026-10-01T19:27:45+0530  DEBUG     [job:-]  Polling cycle complete: no qualifying jobs
2026-10-01T19:27:47+0530  DEBUG     [job:-]  Polling cycle complete: no qualifying jobs
2026-10-01T19:27:50+0530  DEBUG     [job:-]  Polling cycle complete: no qualifying jobs
2026-10-01T19:27:51+0530  DEBUG     [job:-]  Polling cycle complete: no qualifying jobs
2026-10-01T19:27:52+0530  DEBUG     [job:-]  Polling cycle complete: no qualifying jobs
2026-10-01T19:27:56+0530  DEBUG     [job:-]  Polling cycle complete: no qualifying jobs
2026-10-01T19:27:57+0530  DEBUG     [job:-]  Polling cycle complete: no qualifying jobs
2026-10-01T19:27:58+0530  DEBUG     [job:-]  Polling cycle complete: no qualifying jobs
2026-10-01T19:28:01+0530  DEBUG     [job:-]  Polling cycle complete: no qualifying jobs
2026-10-01T19:28:02+0530  DEBUG     [job:-]  Polling cycle complete: no qualifying jobs
2026-10-01T19:28:04+0530  DEBUG     [job:-]  Polling cycle complete: no qualifying jobs
2026-10-01T19:28:07+0530  DEBUG     [job:-]  Polling cycle complete: no qualifying jobs
2026-10-01T19:28:08+0530  DEBUG     [job:-]  Polling cycle complete: no qualifying jobs
2026-10-01T19:28:09+0530  DEBUG     [job:-]  Polling cycle complete: no qualifying jobs
2026-10-01T19:28:12+0530  DEBUG     [job:-]  Polling cycle complete: no qualifying jobs
2026-10-01T19:28:13+0530  DEBUG     [job:-]  Polling cycle complete: no qualifying jobs
2026-10-01T19:28:15+0530  DEBUG     [job:-]  Polling cycle complete: no qualifying jobs
2026-10-01T19:28:18+0530  DEBUG     [job:-]  Polling cycle complete: no qualifying jobs
2026-10-01T19:28:19+0530  DEBUG     [job:-]  Polling cycle complete: no qualifying jobs
2026-10-01T19:28:20+0530  DEBUG     [job:-]  Polling cycle complete: no qualifying jobs
2026-10-01T19:28:24+0530  DEBUG     [job:-]  Polling cycle complete: no qualifying jobs
2026-10-01T19:28:24+0530  DEBUG     [job:-]  Polling cycle complete: no qualifying jobs
2026-10-01T19:28:26+0530  DEBUG     [job:-]  Polling cycle complete: no qualifying jobs
2026-10-01T19:28:29+0530  DEBUG     [job:-]  Polling cycle complete: no qualifying jobs
2026-10-01T19:28:30+0530  DEBUG     [job:-]  Polling cycle complete: no qualifying jobs
2026-10-01T19:28:31+0530  DEBUG     [job:-]  Polling cycle complete: no qualifying jobs
2026-10-01T19:28:35+0530  DEBUG     [job:-]  Polling cycle complete: no qualifying jobs
2026-10-01T19:28:36+0530  DEBUG     [job:-]  Polling cycle complete: no qualifying jobs
2026-10-01T19:28:37+0530  DEBUG     [job:-]  Polling cycle complete: no qualifying jobs
2026-10-01T19:28:40+0530  DEBUG     [job:-]  Polling cycle complete: no qualifying jobs
2026-10-01T19:28:41+0530  DEBUG     [job:-]  Polling cycle complete: no qualifying jobs
2026-10-01T19:28:42+0530  DEBUG     [job:-]  Polling cycle complete: no qualifying jobs
2026-10-01T19:28:46+0530  DEBUG     [job:-]  Polling cycle complete: no qualifying jobs
2026-10-01T19:28:47+0530  DEBUG     [job:-]  Polling cycle complete: no qualifying jobs
2026-10-01T19:28:48+0530  DEBUG     [job:-]  Polling cycle complete: no qualifying jobs
2026-10-01T19:28:51+0530  DEBUG     [job:-]  Polling cycle complete: no qualifying jobs
2026-10-01T19:28:52+0530  DEBUG     [job:-]  Polling cycle complete: no qualifying jobs
2026-10-01T19:28:53+0530  DEBUG     [job:-]  Polling cycle complete: no qualifying jobs
2026-10-01T19:28:57+0530  DEBUG     [job:-]  Polling cycle complete: no qualifying jobs
2026-10-01T19:28:58+0530  DEBUG     [job:-]  Polling cycle complete: no qualifying jobs
2026-10-01T19:28:59+0530  DEBUG     [job:-]  Polling cycle complete: no qualifying jobs
2026-10-01T19:29:02+0530  DEBUG     [job:-]  Polling cycle complete: no qualifying jobs
2026-10-01T19:29:03+0530  DEBUG     [job:-]  Polling cycle complete: no qualifying jobs
2026-10-01T19:29:04+0530  DEBUG     [job:-]  Polling cycle complete: no qualifying jobs
2026-10-01T19:29:08+0530  DEBUG     [job:-]  Polling cycle complete: no qualifying jobs
2026-10-01T19:29:09+0530  DEBUG     [job:-]  Polling cycle complete: no qualifying jobs
2026-10-01T19:29:10+0530  DEBUG     [job:-]  Polling cycle complete: no qualifying jobs
2026-10-01T19:29:14+0530  DEBUG     [job:-]  Polling cycle complete: no qualifying jobs
2026-10-01T19:29:14+0530  DEBUG     [job:-]  Polling cycle complete: no qualifying jobs
2026-10-01T19:29:15+0530  DEBUG     [job:-]  Polling cycle complete: no qualifying jobs
2026-10-01T19:29:19+0530  DEBUG     [job:-]  Polling cycle complete: no qualifying jobs
2026-10-01T19:29:20+0530  DEBUG     [job:-]  Polling cycle complete: no qualifying jobs
2026-10-01T19:29:21+0530  DEBUG     [job:-]  Polling cycle complete: no qualifying jobs
2026-10-01T19:29:25+0530  DEBUG     [job:-]  Polling cycle complete: no qualifying jobs
2026-10-01T19:29:25+0530  DEBUG     [job:-]  Polling cycle complete: no qualifying jobs
2026-10-01T19:29:26+0530  DEBUG     [job:-]  Polling cycle complete: no qualifying jobs
2026-10-01T19:29:30+0530  DEBUG     [job:-]  Polling cycle complete: no qualifying jobs
2026-10-01T19:29:30+0530  DEBUG     [job:-]  Polling cycle complete: no qualifying jobs
2026-10-01T19:29:32+0530  DEBUG     [job:-]  Polling cycle complete: no qualifying jobs
2026-10-01T19:29:36+0530  DEBUG     [job:-]  Polling cycle complete: no qualifying jobs
2026-10-01T19:29:36+0530  DEBUG     [job:-]  Polling cycle complete: no qualifying jobs
2026-10-01T19:29:37+0530  DEBUG     [job:-]  Polling cycle complete: no qualifying jobs
2026-10-01T19:29:41+0530  DEBUG     [job:-]  Polling cycle complete: no qualifying jobs
2026-10-01T19:29:41+0530  DEBUG     [job:-]  Polling cycle complete: no qualifying jobs
2026-10-01T19:29:43+0530  DEBUG     [job:-]  Polling cycle complete: no qualifying jobs
2026-10-01T19:29:47+0530  DEBUG     [job:-]  Polling cycle complete: no qualifying jobs
2026-10-01T19:29:47+0530  DEBUG     [job:-]  Polling cycle complete: no qualifying jobs
2026-10-01T19:29:48+0530  DEBUG     [job:-]  Polling cycle complete: no qualifying jobs
2026-10-01T19:29:52+0530  DEBUG     [job:-]  Polling cycle complete: no qualifying jobs
2026-10-01T19:29:52+0530  DEBUG     [job:-]  Polling cycle complete: no qualifying jobs
2026-10-01T19:29:54+0530  DEBUG     [job:-]  Polling cycle complete: no qualifying jobs
2026-10-01T19:29:57+0530  DEBUG     [job:-]  Polling cycle complete: no qualifying jobs
2026-10-01T19:29:58+0530  DEBUG     [job:-]  Polling cycle complete: no qualifying jobs
2026-10-01T19:29:59+0530  DEBUG     [job:-]  Polling cycle complete: no qualifying jobs
2026-10-01T19:30:03+0530  DEBUG     [job:-]  Polling cycle complete: no qualifying jobs
2026-10-01T19:30:03+0530  DEBUG     [job:-]  Polling cycle complete: no qualifying jobs
2026-10-01T19:30:05+0530  DEBUG     [job:-]  Polling cycle complete: no qualifying jobs
2026-10-01T19:30:08+0530  DEBUG     [job:-]  Polling cycle complete: no qualifying jobs
2026-10-01T19:30:09+0530  DEBUG     [job:-]  Polling cycle complete: no qualifying jobs
2026-10-01T19:30:10+0530  DEBUG     [job:-]  Polling cycle complete: no qualifying jobs
2026-10-01T19:30:14+0530  DEBUG     [job:-]  Polling cycle complete: no qualifying jobs
2026-10-01T19:30:14+0530  DEBUG     [job:-]  Polling cycle complete: no qualifying jobs
2026-10-01T19:30:16+0530  DEBUG     [job:-]  Polling cycle complete: no qualifying jobs
2026-10-01T19:30:19+0530  DEBUG     [job:-]  Polling cycle complete: no qualifying jobs
2026-10-01T19:30:20+0530  DEBUG     [job:-]  Polling cycle complete: no qualifying jobs
2026-10-01T19:30:21+0530  DEBUG     [job:-]  Polling cycle complete: no qualifying jobs
2026-10-01T19:30:25+0530  DEBUG     [job:-]  Polling cycle complete: no qualifying jobs
2026-10-01T19:30:26+0530  DEBUG     [job:-]  Polling cycle complete: no qualifying jobs
2026-10-01T19:30:27+0530  DEBUG     [job:-]  Polling cycle complete: no qualifying jobs
2026-10-01T19:30:30+0530  DEBUG     [job:-]  Polling cycle complete: no qualifying jobs
2026-10-01T19:30:31+0530  DEBUG     [job:-]  Polling cycle complete: no qualifying jobs
2026-10-01T19:30:32+0530  DEBUG     [job:-]  Polling cycle complete: no qualifying jobs
2026-10-01T19:30:36+0530  DEBUG     [job:-]  Polling cycle complete: no qualifying jobs
2026-10-01T19:30:37+0530  DEBUG     [job:-]  Polling cycle complete: no qualifying jobs
2026-10-01T19:30:37+0530  DEBUG     [job:-]  Polling cycle complete: no qualifying jobs
2026-10-01T19:30:41+0530  DEBUG     [job:-]  Polling cycle complete: no qualifying jobs
2026-10-01T19:30:42+0530  DEBUG     [job:-]  Polling cycle complete: no qualifying jobs
2026-10-01T19:30:43+0530  DEBUG     [job:-]  Polling cycle complete: no qualifying jobs
2026-10-01T19:30:47+0530  DEBUG     [job:-]  Polling cycle complete: no qualifying jobs
2026-10-01T19:30:48+0530  DEBUG     [job:-]  Polling cycle complete: no qualifying jobs
2026-10-01T19:30:49+0530  DEBUG     [job:-]  Polling cycle complete: no qualifying jobs
2026-10-01T19:30:52+0530  DEBUG     [job:-]  Polling cycle complete: no qualifying jobs
2026-10-01T19:30:53+0530  DEBUG     [job:-]  Polling cycle complete: no qualifying jobs
2026-10-01T19:30:54+0530  DEBUG     [job:-]  Polling cycle complete: no qualifying jobs
2026-10-01T19:30:58+0530  DEBUG     [job:-]  Polling cycle complete: no qualifying jobs
2026-10-01T19:30:58+0530  DEBUG     [job:-]  Polling cycle complete: no qualifying jobs
2026-10-01T19:31:00+0530  DEBUG     [job:-]  Polling cycle complete: no qualifying jobs
2026-10-01T19:31:03+0530  DEBUG     [job:-]  Polling cycle complete: no qualifying jobs
2026-10-01T19:31:04+0530  DEBUG     [job:-]  Polling cycle complete: no qualifying jobs
2026-10-01T19:31:05+0530  DEBUG     [job:-]  Polling cycle complete: no qualifying jobs
2026-10-01T19:31:09+0530  DEBUG     [job:-]  Polling cycle complete: no qualifying jobs
2026-10-01T19:31:09+0530  DEBUG     [job:-]  Polling cycle complete: no qualifying jobs
2026-10-01T19:31:11+0530  DEBUG     [job:-]  Polling cycle complete: no qualifying jobs
2026-10-01T19:31:15+0530  DEBUG     [job:-]  Polling cycle complete: no qualifying jobs
2026-10-01T19:31:15+0530  DEBUG     [job:-]  Polling cycle complete: no qualifying jobs
2026-10-01T19:31:17+0530  DEBUG     [job:-]  Polling cycle complete: no qualifying jobs
2026-10-01T19:31:20+0530  DEBUG     [job:-]  Polling cycle complete: no qualifying jobs
2026-10-01T19:31:21+0530  DEBUG     [job:-]  Polling cycle complete: no qualifying jobs
2026-10-01T19:31:22+0530  DEBUG     [job:-]  Polling cycle complete: no qualifying jobs
2026-10-01T19:31:26+0530  DEBUG     [job:-]  Polling cycle complete: no qualifying jobs
2026-10-01T19:31:26+0530  DEBUG     [job:-]  Polling cycle complete: no qualifying jobs
2026-10-01T19:31:28+0530  DEBUG     [job:-]  Polling cycle complete: no qualifying jobs
2026-10-01T19:31:31+0530  DEBUG     [job:-]  Polling cycle complete: no qualifying jobs
2026-10-01T19:31:32+0530  DEBUG     [job:-]  Polling cycle complete: no qualifying jobs
2026-10-01T19:31:33+0530  DEBUG     [job:-]  Polling cycle complete: no qualifying jobs
2026-10-01T19:31:37+0530  DEBUG     [job:-]  Polling cycle complete: no qualifying jobs
2026-10-01T19:31:37+0530  DEBUG     [job:-]  Polling cycle complete: no qualifying jobs
2026-10-01T19:31:39+0530  DEBUG     [job:-]  Polling cycle complete: no qualifying jobs
2026-10-01T19:31:42+0530  DEBUG     [job:-]  Polling cycle complete: no qualifying jobs
2026-10-01T19:31:43+0530  DEBUG     [job:-]  Polling cycle complete: no qualifying jobs
2026-10-01T19:31:45+0530  DEBUG     [job:-]  Polling cycle complete: no qualifying jobs
2026-10-01T19:31:48+0530  DEBUG     [job:-]  Polling cycle complete: no qualifying jobs
2026-10-01T19:31:48+0530  DEBUG     [job:-]  Polling cycle complete: no qualifying jobs
2026-10-01T19:31:50+0530  DEBUG     [job:-]  Polling cycle complete: no qualifying jobs
2026-10-01T19:31:53+0530  DEBUG     [job:-]  Polling cycle complete: no qualifying jobs
2026-10-01T19:31:54+0530  DEBUG     [job:-]  Polling cycle complete: no qualifying jobs
2026-10-01T19:31:56+0530  DEBUG     [job:-]  Polling cycle complete: no qualifying jobs
2026-10-01T19:31:59+0530  DEBUG     [job:-]  Polling cycle complete: no qualifying jobs
2026-10-01T19:31:59+0530  DEBUG     [job:-]  Polling cycle complete: no qualifying jobs
2026-10-01T19:32:01+0530  DEBUG     [job:-]  Polling cycle complete: no qualifying jobs
2026-10-01T19:32:04+0530  DEBUG     [job:-]  Polling cycle complete: no qualifying jobs
2026-10-01T19:32:05+0530  DEBUG     [job:-]  Polling cycle complete: no qualifying jobs
2026-10-01T19:32:07+0530  DEBUG     [job:-]  Polling cycle complete: no qualifying jobs
2026-10-01T19:32:10+0530  DEBUG     [job:-]  Polling cycle complete: no qualifying jobs
2026-10-01T19:32:10+0530  DEBUG     [job:-]  Polling cycle complete: no qualifying jobs
2026-10-01T19:32:12+0530  DEBUG     [job:-]  Polling cycle complete: no qualifying jobs
2026-10-01T19:32:15+0530  DEBUG     [job:-]  Polling cycle complete: no qualifying jobs
2026-10-01T19:32:16+0530  DEBUG     [job:-]  Polling cycle complete: no qualifying jobs
2026-10-01T19:32:18+0530  DEBUG     [job:-]  Polling cycle complete: no qualifying jobs
2026-10-01T19:32:21+0530  DEBUG     [job:-]  Polling cycle complete: no qualifying jobs
2026-10-01T19:32:21+0530  DEBUG     [job:-]  Polling cycle complete: no qualifying jobs
2026-10-01T19:32:23+0530  DEBUG     [job:-]  Polling cycle complete: no qualifying jobs
2026-10-01T19:32:27+0530  DEBUG     [job:-]  Polling cycle complete: no qualifying jobs
2026-10-01T19:32:27+0530  DEBUG     [job:-]  Polling cycle complete: no qualifying jobs
2026-10-01T19:32:29+0530  DEBUG     [job:-]  Polling cycle complete: no qualifying jobs
2026-10-01T19:32:32+0530  DEBUG     [job:-]  Polling cycle complete: no qualifying jobs
2026-10-01T19:32:33+0530  DEBUG     [job:-]  Polling cycle complete: no qualifying jobs
2026-10-01T19:32:34+0530  DEBUG     [job:-]  Polling cycle complete: no qualifying jobs
2026-10-01T19:32:38+0530  DEBUG     [job:-]  Polling cycle complete: no qualifying jobs
2026-10-01T19:32:38+0530  DEBUG     [job:-]  Polling cycle complete: no qualifying jobs
2026-10-01T19:32:40+0530  DEBUG     [job:-]  Polling cycle complete: no qualifying jobs
2026-10-01T19:32:43+0530  DEBUG     [job:-]  Polling cycle complete: no qualifying jobs
2026-10-01T19:32:44+0530  DEBUG     [job:-]  Polling cycle complete: no qualifying jobs
2026-10-01T19:32:45+0530  DEBUG     [job:-]  Polling cycle complete: no qualifying jobs
2026-10-01T19:32:49+0530  DEBUG     [job:-]  Polling cycle complete: no qualifying jobs
2026-10-01T19:32:49+0530  DEBUG     [job:-]  Polling cycle complete: no qualifying jobs
2026-10-01T19:32:51+0530  DEBUG     [job:-]  Polling cycle complete: no qualifying jobs
2026-10-01T19:32:55+0530  DEBUG     [job:-]  Polling cycle complete: no qualifying jobs
2026-10-01T19:32:55+0530  DEBUG     [job:-]  Polling cycle complete: no qualifying jobs
2026-10-01T19:32:57+0530  DEBUG     [job:-]  Polling cycle complete: no qualifying jobs
2026-10-01T19:33:00+0530  DEBUG     [job:-]  Polling cycle complete: no qualifying jobs
2026-10-01T19:33:01+0530  DEBUG     [job:-]  Polling cycle complete: no qualifying jobs
2026-10-01T19:33:02+0530  DEBUG     [job:-]  Polling cycle complete: no qualifying jobs
2026-10-01T19:33:06+0530  DEBUG     [job:-]  Polling cycle complete: no qualifying jobs
2026-10-01T19:33:06+0530  DEBUG     [job:-]  Polling cycle complete: no qualifying jobs
2026-10-01T19:33:08+0530  DEBUG     [job:-]  Polling cycle complete: no qualifying jobs
2026-10-01T19:33:11+0530  DEBUG     [job:-]  Polling cycle complete: no qualifying jobs
2026-10-01T19:33:12+0530  DEBUG     [job:-]  Polling cycle complete: no qualifying jobs
2026-10-01T19:33:13+0530  DEBUG     [job:-]  Polling cycle complete: no qualifying jobs
2026-10-01T19:33:17+0530  DEBUG     [job:-]  Polling cycle complete: no qualifying jobs
2026-10-01T19:33:17+0530  DEBUG     [job:-]  Polling cycle complete: no qualifying jobs
2026-10-01T19:33:19+0530  DEBUG     [job:-]  Polling cycle complete: no qualifying jobs
2026-10-01T19:33:22+0530  DEBUG     [job:-]  Polling cycle complete: no qualifying jobs
2026-10-01T19:33:23+0530  DEBUG     [job:-]  Polling cycle complete: no qualifying jobs
2026-10-01T19:33:25+0530  DEBUG     [job:-]  Polling cycle complete: no qualifying jobs
2026-10-01T19:33:28+0530  DEBUG     [job:-]  Polling cycle complete: no qualifying jobs
2026-10-01T19:33:28+0530  DEBUG     [job:-]  Polling cycle complete: no qualifying jobs
2026-10-01T19:33:30+0530  DEBUG     [job:-]  Polling cycle complete: no qualifying jobs
2026-10-01T19:33:33+0530  DEBUG     [job:-]  Polling cycle complete: no qualifying jobs
2026-10-01T19:33:33+0530  DEBUG     [job:-]  Polling cycle complete: no qualifying jobs
2026-10-01T19:33:36+0530  DEBUG     [job:-]  Polling cycle complete: no qualifying jobs
2026-10-01T19:33:39+0530  DEBUG     [job:-]  Polling cycle complete: no qualifying jobs
2026-10-01T19:33:39+0530  DEBUG     [job:-]  Polling cycle complete: no qualifying jobs
2026-10-01T19:33:42+0530  DEBUG     [job:-]  Polling cycle complete: no qualifying jobs
2026-10-01T19:33:44+0530  DEBUG     [job:-]  Polling cycle complete: no qualifying jobs
2026-10-01T19:33:44+0530  DEBUG     [job:-]  Polling cycle complete: no qualifying jobs
2026-10-01T19:33:47+0530  DEBUG     [job:-]  Polling cycle complete: no qualifying jobs
2026-10-01T19:33:50+0530  DEBUG     [job:-]  Polling cycle complete: no qualifying jobs
2026-10-01T19:33:53+0530  DEBUG     [job:-]  Polling cycle complete: no qualifying jobs
2026-10-01T19:33:56+0530  DEBUG     [job:-]  Polling cycle complete: no qualifying jobs
2026-10-01T19:33:56+0530  DEBUG     [job:-]  Polling cycle complete: no qualifying jobs
2026-10-01T19:33:58+0530  DEBUG     [job:-]  Polling cycle complete: no qualifying jobs
2026-10-01T19:34:01+0530  DEBUG     [job:-]  Polling cycle complete: no qualifying jobs
2026-10-01T19:34:02+0530  DEBUG     [job:-]  Polling cycle complete: no qualifying jobs
2026-10-01T19:34:04+0530  DEBUG     [job:-]  Polling cycle complete: no qualifying jobs
2026-10-01T19:34:10+0530  DEBUG     [job:-]  Polling cycle complete: no qualifying jobs
2026-10-01T19:34:10+0530  DEBUG     [job:-]  Polling cycle complete: no qualifying jobs
2026-10-01T19:34:10+0530  DEBUG     [job:-]  Polling cycle complete: no qualifying jobs
2026-10-01T19:34:15+0530  DEBUG     [job:-]  Polling cycle complete: no qualifying jobs
2026-10-01T19:34:15+0530  DEBUG     [job:-]  Polling cycle complete: no qualifying jobs
2026-10-01T19:34:16+0530  DEBUG     [job:-]  Polling cycle complete: no qualifying jobs
2026-10-01T19:34:21+0530  DEBUG     [job:-]  Polling cycle complete: no qualifying jobs
2026-10-01T19:34:21+0530  DEBUG     [job:-]  Polling cycle complete: no qualifying jobs
2026-10-01T19:34:21+0530  DEBUG     [job:-]  Polling cycle complete: no qualifying jobs
2026-10-01T19:34:26+0530  DEBUG     [job:-]  Polling cycle complete: no qualifying jobs
2026-10-01T19:34:26+0530  DEBUG     [job:-]  Polling cycle complete: no qualifying jobs
2026-10-01T19:34:27+0530  DEBUG     [job:-]  Polling cycle complete: no qualifying jobs
2026-10-01T19:34:32+0530  DEBUG     [job:-]  Polling cycle complete: no qualifying jobs
2026-10-01T19:34:32+0530  DEBUG     [job:-]  Polling cycle complete: no qualifying jobs
2026-10-01T19:34:32+0530  DEBUG     [job:-]  Polling cycle complete: no qualifying jobs
2026-10-01T19:34:37+0530  DEBUG     [job:-]  Polling cycle complete: no qualifying jobs
2026-10-01T19:34:37+0530  DEBUG     [job:-]  Polling cycle complete: no qualifying jobs
2026-10-01T19:34:38+0530  DEBUG     [job:-]  Polling cycle complete: no qualifying jobs
2026-10-01T19:34:43+0530  DEBUG     [job:-]  Polling cycle complete: no qualifying jobs
2026-10-01T19:34:43+0530  DEBUG     [job:-]  Polling cycle complete: no qualifying jobs
2026-10-01T19:34:43+0530  DEBUG     [job:-]  Polling cycle complete: no qualifying jobs
2026-10-01T19:34:48+0530  DEBUG     [job:-]  Polling cycle complete: no qualifying jobs
2026-10-01T19:34:48+0530  DEBUG     [job:-]  Polling cycle complete: no qualifying jobs
2026-10-01T19:34:49+0530  DEBUG     [job:-]  Polling cycle complete: no qualifying jobs
2026-10-01T19:34:54+0530  DEBUG     [job:-]  Polling cycle complete: no qualifying jobs
2026-10-01T19:34:54+0530  DEBUG     [job:-]  Polling cycle complete: no qualifying jobs
2026-10-01T19:34:54+0530  DEBUG     [job:-]  Polling cycle complete: no qualifying jobs
2026-10-01T19:34:59+0530  DEBUG     [job:-]  Polling cycle complete: no qualifying jobs
2026-10-01T19:35:00+0530  DEBUG     [job:-]  Polling cycle complete: no qualifying jobs
2026-10-01T19:35:00+0530  DEBUG     [job:-]  Polling cycle complete: no qualifying jobs
2026-10-01T19:35:05+0530  DEBUG     [job:-]  Polling cycle complete: no qualifying jobs
2026-10-01T19:35:05+0530  DEBUG     [job:-]  Polling cycle complete: no qualifying jobs
2026-10-01T19:35:05+0530  DEBUG     [job:-]  Polling cycle complete: no qualifying jobs
2026-10-01T19:35:10+0530  DEBUG     [job:-]  Polling cycle complete: no qualifying jobs
2026-10-01T19:35:11+0530  DEBUG     [job:-]  Polling cycle complete: no qualifying jobs
2026-10-01T19:35:13+0530  DEBUG     [job:-]  Polling cycle complete: no qualifying jobs
2026-10-01T19:35:16+0530  DEBUG     [job:-]  Polling cycle complete: no qualifying jobs
2026-10-01T19:35:17+0530  DEBUG     [job:-]  Polling cycle complete: no qualifying jobs
2026-10-01T19:35:19+0530  DEBUG     [job:-]  Polling cycle complete: no qualifying jobs
2026-10-01T19:35:21+0530  DEBUG     [job:-]  Polling cycle complete: no qualifying jobs
2026-10-01T19:35:22+0530  DEBUG     [job:-]  Polling cycle complete: no qualifying jobs
2026-10-01T19:35:24+0530  DEBUG     [job:-]  Polling cycle complete: no qualifying jobs
2026-10-01T19:35:27+0530  DEBUG     [job:-]  Polling cycle complete: no qualifying jobs
2026-10-01T19:35:28+0530  DEBUG     [job:-]  Polling cycle complete: no qualifying jobs
2026-10-01T19:35:30+0530  DEBUG     [job:-]  Polling cycle complete: no qualifying jobs
2026-10-01T19:35:32+0530  DEBUG     [job:-]  Polling cycle complete: no qualifying jobs
2026-10-01T19:35:33+0530  DEBUG     [job:-]  Polling cycle complete: no qualifying jobs
2026-10-01T19:35:35+0530  DEBUG     [job:-]  Polling cycle complete: no qualifying jobs
2026-10-01T19:35:38+0530  DEBUG     [job:-]  Polling cycle complete: no qualifying jobs
2026-10-01T19:35:39+0530  DEBUG     [job:-]  Polling cycle complete: no qualifying jobs
2026-10-01T19:35:41+0530  DEBUG     [job:-]  Polling cycle complete: no qualifying jobs
2026-10-01T19:35:43+0530  DEBUG     [job:-]  Polling cycle complete: no qualifying jobs
2026-10-01T19:35:45+0530  DEBUG     [job:-]  Polling cycle complete: no qualifying jobs
2026-10-01T19:35:46+0530  DEBUG     [job:-]  Polling cycle complete: no qualifying jobs
2026-10-01T19:35:49+0530  DEBUG     [job:-]  Polling cycle complete: no qualifying jobs
2026-10-01T19:35:51+0530  DEBUG     [job:-]  Polling cycle complete: no qualifying jobs
2026-10-01T19:35:52+0530  DEBUG     [job:-]  Polling cycle complete: no qualifying jobs
2026-10-01T19:35:54+0530  DEBUG     [job:-]  Polling cycle complete: no qualifying jobs
2026-10-01T19:35:56+0530  DEBUG     [job:-]  Polling cycle complete: no qualifying jobs
2026-10-01T19:35:59+0530  DEBUG     [job:-]  Polling cycle complete: no qualifying jobs
2026-10-01T19:36:00+0530  DEBUG     [job:-]  Polling cycle complete: no qualifying jobs
2026-10-01T19:36:02+0530  DEBUG     [job:-]  Polling cycle complete: no qualifying jobs
2026-10-01T19:36:04+0530  DEBUG     [job:-]  Polling cycle complete: no qualifying jobs
2026-10-01T19:36:06+0530  DEBUG     [job:-]  Polling cycle complete: no qualifying jobs
2026-10-01T19:36:07+0530  DEBUG     [job:-]  Polling cycle complete: no qualifying jobs
2026-10-01T19:36:10+0530  DEBUG     [job:-]  Polling cycle complete: no qualifying jobs
2026-10-01T19:36:12+0530  DEBUG     [job:-]  Polling cycle complete: no qualifying jobs
2026-10-01T19:36:13+0530  DEBUG     [job:-]  Polling cycle complete: no qualifying jobs
2026-10-01T19:36:16+0530  DEBUG     [job:-]  Polling cycle complete: no qualifying jobs
2026-10-01T19:36:17+0530  DEBUG     [job:-]  Polling cycle complete: no qualifying jobs
2026-10-01T19:36:19+0530  DEBUG     [job:-]  Polling cycle complete: no qualifying jobs
2026-10-01T19:36:21+0530  DEBUG     [job:-]  Polling cycle complete: no qualifying jobs
2026-10-01T19:36:23+0530  DEBUG     [job:-]  Polling cycle complete: no qualifying jobs
2026-10-01T19:36:24+0530  DEBUG     [job:-]  Polling cycle complete: no qualifying jobs
2026-10-01T19:36:27+0530  DEBUG     [job:-]  Polling cycle complete: no qualifying jobs
2026-10-01T19:36:28+0530  DEBUG     [job:-]  Polling cycle complete: no qualifying jobs
2026-10-01T19:36:30+0530  DEBUG     [job:-]  Polling cycle complete: no qualifying jobs
2026-10-01T19:36:33+0530  DEBUG     [job:-]  Polling cycle complete: no qualifying jobs
2026-10-01T19:36:34+0530  DEBUG     [job:-]  Polling cycle complete: no qualifying jobs
2026-10-01T19:36:35+0530  DEBUG     [job:-]  Polling cycle complete: no qualifying jobs
2026-10-01T19:36:38+0530  DEBUG     [job:-]  Polling cycle complete: no qualifying jobs
2026-10-01T19:36:39+0530  DEBUG     [job:-]  Polling cycle complete: no qualifying jobs
2026-10-01T19:36:41+0530  DEBUG     [job:-]  Polling cycle complete: no qualifying jobs
2026-10-01T19:36:44+0530  DEBUG     [job:-]  Polling cycle complete: no qualifying jobs
2026-10-01T19:36:45+0530  DEBUG     [job:-]  Polling cycle complete: no qualifying jobs
2026-10-01T19:36:46+0530  DEBUG     [job:-]  Polling cycle complete: no qualifying jobs
2026-10-01T19:36:49+0530  DEBUG     [job:-]  Polling cycle complete: no qualifying jobs
2026-10-01T19:36:50+0530  DEBUG     [job:-]  Polling cycle complete: no qualifying jobs
2026-10-01T19:36:52+0530  DEBUG     [job:-]  Polling cycle complete: no qualifying jobs
2026-10-01T19:36:55+0530  DEBUG     [job:-]  Polling cycle complete: no qualifying jobs
2026-10-01T19:36:56+0530  DEBUG     [job:-]  Polling cycle complete: no qualifying jobs
2026-10-01T19:36:57+0530  DEBUG     [job:-]  Polling cycle complete: no qualifying jobs
2026-10-01T19:37:00+0530  DEBUG     [job:-]  Polling cycle complete: no qualifying jobs
2026-10-01T19:37:02+0530  DEBUG     [job:-]  Polling cycle complete: no qualifying jobs
2026-10-01T19:37:03+0530  DEBUG     [job:-]  Polling cycle complete: no qualifying jobs
2026-10-01T19:37:06+0530  DEBUG     [job:-]  Polling cycle complete: no qualifying jobs
2026-10-01T19:37:08+0530  DEBUG     [job:-]  Polling cycle complete: no qualifying jobs
2026-10-01T19:37:08+0530  DEBUG     [job:-]  Polling cycle complete: no qualifying jobs
2026-10-01T19:37:11+0530  DEBUG     [job:-]  Polling cycle complete: no qualifying jobs
2026-10-01T19:37:13+0530  DEBUG     [job:-]  Polling cycle complete: no qualifying jobs
2026-10-01T19:37:14+0530  DEBUG     [job:-]  Polling cycle complete: no qualifying jobs
2026-10-01T19:37:17+0530  DEBUG     [job:-]  Polling cycle complete: no qualifying jobs
2026-10-01T19:37:19+0530  DEBUG     [job:-]  Polling cycle complete: no qualifying jobs
2026-10-01T19:37:20+0530  DEBUG     [job:-]  Polling cycle complete: no qualifying jobs
2026-10-01T19:37:23+0530  DEBUG     [job:-]  Polling cycle complete: no qualifying jobs
2026-10-01T19:37:24+0530  DEBUG     [job:-]  Polling cycle complete: no qualifying jobs
2026-10-01T19:37:26+0530  DEBUG     [job:-]  Polling cycle complete: no qualifying jobs
2026-10-01T19:37:28+0530  DEBUG     [job:-]  Polling cycle complete: no qualifying jobs
2026-10-01T19:37:30+0530  DEBUG     [job:-]  Polling cycle complete: no qualifying jobs
2026-10-01T19:37:31+0530  DEBUG     [job:-]  Polling cycle complete: no qualifying jobs
2026-10-01T19:37:34+0530  DEBUG     [job:-]  Polling cycle complete: no qualifying jobs
2026-10-01T19:37:36+0530  DEBUG     [job:-]  Polling cycle complete: no qualifying jobs
2026-10-01T19:37:37+0530  DEBUG     [job:-]  Polling cycle complete: no qualifying jobs
2026-10-01T19:37:39+0530  DEBUG     [job:-]  Polling cycle complete: no qualifying jobs
2026-10-01T19:37:41+0530  DEBUG     [job:-]  Polling cycle complete: no qualifying jobs
2026-10-01T19:37:42+0530  DEBUG     [job:-]  Polling cycle complete: no qualifying jobs
2026-10-01T19:37:45+0530  DEBUG     [job:-]  Polling cycle complete: no qualifying jobs
2026-10-01T19:37:47+0530  DEBUG     [job:-]  Polling cycle complete: no qualifying jobs
2026-10-01T19:37:48+0530  DEBUG     [job:-]  Polling cycle complete: no qualifying jobs
2026-10-01T19:37:50+0530  DEBUG     [job:-]  Polling cycle complete: no qualifying jobs
2026-10-01T19:37:52+0530  DEBUG     [job:-]  Polling cycle complete: no qualifying jobs
2026-10-01T19:37:53+0530  DEBUG     [job:-]  Polling cycle complete: no qualifying jobs
2026-10-01T19:37:56+0530  DEBUG     [job:-]  Polling cycle complete: no qualifying jobs
2026-10-01T19:37:59+0530  DEBUG     [job:-]  Polling cycle complete: no qualifying jobs
2026-10-01T19:37:59+0530  DEBUG     [job:-]  Polling cycle complete: no qualifying jobs
2026-10-01T19:38:01+0530  DEBUG     [job:-]  Polling cycle complete: no qualifying jobs
2026-10-01T19:38:04+0530  DEBUG     [job:-]  Polling cycle complete: no qualifying jobs
2026-10-01T19:38:04+0530  DEBUG     [job:-]  Polling cycle complete: no qualifying jobs
2026-10-01T19:38:07+0530  DEBUG     [job:-]  Polling cycle complete: no qualifying jobs
2026-10-01T19:38:10+0530  DEBUG     [job:-]  Polling cycle complete: no qualifying jobs
2026-10-01T19:38:10+0530  DEBUG     [job:-]  Polling cycle complete: no qualifying jobs
2026-10-01T19:38:12+0530  DEBUG     [job:-]  Polling cycle complete: no qualifying jobs
2026-10-01T19:38:16+0530  DEBUG     [job:-]  Polling cycle complete: no qualifying jobs
2026-10-01T19:38:16+0530  DEBUG     [job:-]  Polling cycle complete: no qualifying jobs
2026-10-01T19:38:18+0530  DEBUG     [job:-]  Polling cycle complete: no qualifying jobs
2026-10-01T19:38:21+0530  DEBUG     [job:-]  Polling cycle complete: no qualifying jobs
2026-10-01T19:38:21+0530  DEBUG     [job:-]  Polling cycle complete: no qualifying jobs
2026-10-01T19:38:24+0530  DEBUG     [job:-]  Polling cycle complete: no qualifying jobs
2026-10-01T19:38:27+0530  DEBUG     [job:-]  Polling cycle complete: no qualifying jobs
2026-10-01T19:38:27+0530  DEBUG     [job:-]  Polling cycle complete: no qualifying jobs
2026-10-01T19:38:29+0530  DEBUG     [job:-]  Polling cycle complete: no qualifying jobs
2026-10-01T19:38:32+0530  DEBUG     [job:-]  Polling cycle complete: no qualifying jobs
2026-10-01T19:38:32+0530  DEBUG     [job:-]  Polling cycle complete: no qualifying jobs
2026-10-01T19:38:35+0530  DEBUG     [job:-]  Polling cycle complete: no qualifying jobs
2026-10-01T19:38:38+0530  DEBUG     [job:-]  Polling cycle complete: no qualifying jobs
2026-10-01T19:38:38+0530  DEBUG     [job:-]  Polling cycle complete: no qualifying jobs
2026-10-01T19:38:40+0530  DEBUG     [job:-]  Polling cycle complete: no qualifying jobs
2026-10-01T19:38:44+0530  DEBUG     [job:-]  Polling cycle complete: no qualifying jobs
2026-10-01T19:38:44+0530  DEBUG     [job:-]  Polling cycle complete: no qualifying jobs
2026-10-01T19:38:46+0530  DEBUG     [job:-]  Polling cycle complete: no qualifying jobs
2026-10-01T19:38:49+0530  DEBUG     [job:-]  Polling cycle complete: no qualifying jobs
2026-10-01T19:38:52+0530  DEBUG     [job:-]  Polling cycle complete: no qualifying jobs
2026-10-01T19:38:55+0530  DEBUG     [job:-]  Polling cycle complete: no qualifying jobs
2026-10-01T19:38:57+0530  DEBUG     [job:-]  Polling cycle complete: no qualifying jobs
2026-10-01T19:39:00+0530  DEBUG     [job:-]  Polling cycle complete: no qualifying jobs
2026-10-01T19:39:00+0530  DEBUG     [job:-]  Polling cycle complete: no qualifying jobs
2026-10-01T19:39:03+0530  DEBUG     [job:-]  Polling cycle complete: no qualifying jobs
2026-10-01T19:39:06+0530  DEBUG     [job:-]  Polling cycle complete: no qualifying jobs
2026-10-01T19:39:06+0530  DEBUG     [job:-]  Polling cycle complete: no qualifying jobs
2026-10-01T19:39:08+0530  DEBUG     [job:-]  Polling cycle complete: no qualifying jobs
2026-10-01T19:39:11+0530  DEBUG     [job:-]  Polling cycle complete: no qualifying jobs
2026-10-01T19:39:11+0530  DEBUG     [job:-]  Polling cycle complete: no qualifying jobs
2026-10-01T19:39:14+0530  DEBUG     [job:-]  Polling cycle complete: no qualifying jobs
2026-10-01T19:39:20+0530  DEBUG     [job:-]  Polling cycle complete: no qualifying jobs
2026-10-01T19:39:21+0530  DEBUG     [job:-]  Polling cycle complete: no qualifying jobs
2026-10-01T19:39:21+0530  DEBUG     [job:-]  Polling cycle complete: no qualifying jobs
2026-10-01T19:39:25+0530  DEBUG     [job:-]  Polling cycle complete: no qualifying jobs
2026-10-01T19:39:26+0530  DEBUG     [job:-]  Polling cycle complete: no qualifying jobs
2026-10-01T19:39:27+0530  DEBUG     [job:-]  Polling cycle complete: no qualifying jobs
2026-10-01T19:39:31+0530  DEBUG     [job:-]  Polling cycle complete: no qualifying jobs
2026-10-01T19:39:32+0530  DEBUG     [job:-]  Polling cycle complete: no qualifying jobs
2026-10-01T19:39:32+0530  DEBUG     [job:-]  Polling cycle complete: no qualifying jobs
2026-10-01T19:39:36+0530  DEBUG     [job:-]  Polling cycle complete: no qualifying jobs
2026-10-01T19:39:37+0530  DEBUG     [job:-]  Polling cycle complete: no qualifying jobs
2026-10-01T19:39:38+0530  DEBUG     [job:-]  Polling cycle complete: no qualifying jobs
2026-10-01T19:39:42+0530  DEBUG     [job:-]  Polling cycle complete: no qualifying jobs
2026-10-01T19:39:43+0530  DEBUG     [job:-]  Polling cycle complete: no qualifying jobs
2026-10-01T19:39:43+0530  DEBUG     [job:-]  Polling cycle complete: no qualifying jobs
2026-10-01T19:39:47+0530  DEBUG     [job:-]  Polling cycle complete: no qualifying jobs
2026-10-01T19:39:48+0530  DEBUG     [job:-]  Polling cycle complete: no qualifying jobs
2026-10-01T19:39:49+0530  DEBUG     [job:-]  Polling cycle complete: no qualifying jobs
2026-10-01T19:39:53+0530  DEBUG     [job:-]  Polling cycle complete: no qualifying jobs
2026-10-01T19:39:54+0530  DEBUG     [job:-]  Polling cycle complete: no qualifying jobs
2026-10-01T19:39:55+0530  DEBUG     [job:-]  Polling cycle complete: no qualifying jobs
2026-10-01T19:39:58+0530  DEBUG     [job:-]  Polling cycle complete: no qualifying jobs
2026-10-01T19:40:00+0530  DEBUG     [job:-]  Polling cycle complete: no qualifying jobs
2026-10-01T19:40:00+0530  DEBUG     [job:-]  Polling cycle complete: no qualifying jobs
2026-10-01T19:40:04+0530  DEBUG     [job:-]  Polling cycle complete: no qualifying jobs
2026-10-01T19:40:05+0530  DEBUG     [job:-]  Polling cycle complete: no qualifying jobs
2026-10-01T19:40:07+0530  DEBUG     [job:-]  Polling cycle complete: no qualifying jobs
2026-10-01T19:40:09+0530  DEBUG     [job:-]  Polling cycle complete: no qualifying jobs
2026-10-01T19:40:11+0530  DEBUG     [job:-]  Polling cycle complete: no qualifying jobs
2026-10-01T19:40:12+0530  DEBUG     [job:-]  Polling cycle complete: no qualifying jobs
2026-10-01T19:40:15+0530  DEBUG     [job:-]  Polling cycle complete: no qualifying jobs
2026-10-01T19:40:16+0530  DEBUG     [job:-]  Polling cycle complete: no qualifying jobs
2026-10-01T19:40:17+0530  DEBUG     [job:-]  Polling cycle complete: no qualifying jobs
2026-10-01T19:40:20+0530  DEBUG     [job:-]  Polling cycle complete: no qualifying jobs
2026-10-01T19:40:22+0530  DEBUG     [job:-]  Polling cycle complete: no qualifying jobs
2026-10-01T19:40:23+0530  DEBUG     [job:-]  Polling cycle complete: no qualifying jobs
2026-10-01T19:40:26+0530  DEBUG     [job:-]  Polling cycle complete: no qualifying jobs
2026-10-01T19:40:27+0530  DEBUG     [job:-]  Polling cycle complete: no qualifying jobs
2026-10-01T19:40:29+0530  DEBUG     [job:-]  Polling cycle complete: no qualifying jobs
2026-10-01T19:40:32+0530  DEBUG     [job:-]  Polling cycle complete: no qualifying jobs
2026-10-01T19:40:33+0530  DEBUG     [job:-]  Polling cycle complete: no qualifying jobs
2026-10-01T19:40:34+0530  DEBUG     [job:-]  Polling cycle complete: no qualifying jobs
2026-10-01T19:40:38+0530  DEBUG     [job:-]  Polling cycle complete: no qualifying jobs
2026-10-01T19:40:38+0530  DEBUG     [job:-]  Polling cycle complete: no qualifying jobs
2026-10-01T19:40:40+0530  DEBUG     [job:-]  Polling cycle complete: no qualifying jobs
2026-10-01T19:40:43+0530  DEBUG     [job:-]  Polling cycle complete: no qualifying jobs
2026-10-01T19:40:44+0530  DEBUG     [job:-]  Polling cycle complete: no qualifying jobs
2026-10-01T19:40:46+0530  DEBUG     [job:-]  Polling cycle complete: no qualifying jobs
2026-10-01T19:40:50+0530  DEBUG     [job:-]  Polling cycle complete: no qualifying jobs
2026-10-01T19:40:50+0530  INFO      [job:-]  Claimed job 8883b5fe-a8e5-4f16-880c-8dea2910a470 (file: jobs/8883b5fe-a8e5-4f16-880c-8dea2910a470/Gitopia_Certification_Mohammed_Zain_Amjad.pdf, copies: 1)
2026-10-01T19:40:51+0530  DEBUG     [job:-]  Polling cycle complete: no qualifying jobs
2026-10-01T19:40:54+0530  INFO      [job:-]  Printing job 8883b5fe-a8e5-4f16-880c-8dea2910a470 to printer 'HP LaserJet Professional M1136 MFP'...
2026-10-01T19:40:56+0530  DEBUG     [job:-]  Polling cycle complete: no qualifying jobs
2026-10-01T19:40:56+0530  INFO      [job:-]  Job 8883b5fe-a8e5-4f16-880c-8dea2910a470 successfully printed and marked PRINTED
2026-10-01T19:40:56+0530  DEBUG     [job:-]  Cleaned up temp file C:\Users\USER\AppData\Local\Temp\a4_kiosk_downloads\Gitopia_Certification_Mohammed_Zain_Amjad.pdf
2026-10-01T19:40:57+0530  DEBUG     [job:-]  Polling cycle complete: no qualifying jobs
2026-10-01T19:41:01+0530  DEBUG     [job:-]  Polling cycle complete: no qualifying jobs
2026-10-01T19:41:02+0530  DEBUG     [job:-]  Polling cycle complete: no qualifying jobs
2026-10-01T19:41:02+0530  DEBUG     [job:-]  Polling cycle complete: no qualifying jobs
2026-10-01T19:41:07+0530  DEBUG     [job:-]  Polling cycle complete: no qualifying jobs
2026-10-01T19:41:07+0530  DEBUG     [job:-]  Polling cycle complete: no qualifying jobs
2026-10-01T19:41:09+0530  DEBUG     [job:-]  Polling cycle complete: no qualifying jobs
2026-10-01T19:41:13+0530  DEBUG     [job:-]  Polling cycle complete: no qualifying jobs
2026-10-01T19:41:13+0530  DEBUG     [job:-]  Polling cycle complete: no qualifying jobs
2026-10-01T19:41:14+0530  DEBUG     [job:-]  Polling cycle complete: no qualifying jobs
2026-10-01T19:41:18+0530  DEBUG     [job:-]  Polling cycle complete: no qualifying jobs
2026-10-01T19:41:18+0530  DEBUG     [job:-]  Polling cycle complete: no qualifying jobs
2026-10-01T19:41:20+0530  DEBUG     [job:-]  Polling cycle complete: no qualifying jobs
2026-10-01T19:41:24+0530  DEBUG     [job:-]  Polling cycle complete: no qualifying jobs
2026-10-01T19:41:24+0530  DEBUG     [job:-]  Polling cycle complete: no qualifying jobs
2026-10-01T19:41:26+0530  DEBUG     [job:-]  Polling cycle complete: no qualifying jobs
2026-10-01T19:41:29+0530  DEBUG     [job:-]  Polling cycle complete: no qualifying jobs
2026-10-01T19:41:29+0530  DEBUG     [job:-]  Polling cycle complete: no qualifying jobs
2026-10-01T19:41:31+0530  DEBUG     [job:-]  Polling cycle complete: no qualifying jobs
2026-10-01T19:41:35+0530  DEBUG     [job:-]  Polling cycle complete: no qualifying jobs
2026-10-01T19:41:35+0530  DEBUG     [job:-]  Polling cycle complete: no qualifying jobs
2026-10-01T19:41:37+0530  DEBUG     [job:-]  Polling cycle complete: no qualifying jobs
2026-10-01T19:41:40+0530  DEBUG     [job:-]  Polling cycle complete: no qualifying jobs
2026-10-01T19:41:40+0530  DEBUG     [job:-]  Polling cycle complete: no qualifying jobs
2026-10-01T19:41:42+0530  DEBUG     [job:-]  Polling cycle complete: no qualifying jobs
2026-10-01T19:41:46+0530  DEBUG     [job:-]  Polling cycle complete: no qualifying jobs
2026-10-01T19:41:46+0530  DEBUG     [job:-]  Polling cycle complete: no qualifying jobs
2026-10-01T19:41:48+0530  DEBUG     [job:-]  Polling cycle complete: no qualifying jobs
2026-10-01T19:41:52+0530  DEBUG     [job:-]  Polling cycle complete: no qualifying jobs
2026-10-01T19:41:52+0530  DEBUG     [job:-]  Polling cycle complete: no qualifying jobs
2026-10-01T19:41:53+0530  DEBUG     [job:-]  Polling cycle complete: no qualifying jobs
2026-10-01T19:41:57+0530  DEBUG     [job:-]  Polling cycle complete: no qualifying jobs
2026-10-01T19:41:58+0530  DEBUG     [job:-]  Polling cycle complete: no qualifying jobs
2026-10-01T19:41:59+0530  DEBUG     [job:-]  Polling cycle complete: no qualifying jobs
2026-10-01T19:42:03+0530  DEBUG     [job:-]  Polling cycle complete: no qualifying jobs
2026-10-01T19:42:03+0530  DEBUG     [job:-]  Polling cycle complete: no qualifying jobs
2026-10-01T19:42:04+0530  DEBUG     [job:-]  Polling cycle complete: no qualifying jobs
2026-10-01T19:42:08+0530  DEBUG     [job:-]  Polling cycle complete: no qualifying jobs
2026-10-01T19:42:09+0530  DEBUG     [job:-]  Polling cycle complete: no qualifying jobs
2026-10-01T19:42:10+0530  DEBUG     [job:-]  Polling cycle complete: no qualifying jobs
2026-10-01T19:42:14+0530  DEBUG     [job:-]  Polling cycle complete: no qualifying jobs
2026-10-01T19:42:14+0530  DEBUG     [job:-]  Polling cycle complete: no qualifying jobs
2026-10-01T19:42:16+0530  DEBUG     [job:-]  Polling cycle complete: no qualifying jobs
2026-10-01T19:42:19+0530  DEBUG     [job:-]  Polling cycle complete: no qualifying jobs
2026-10-01T19:42:20+0530  DEBUG     [job:-]  Polling cycle complete: no qualifying jobs
2026-10-01T19:42:21+0530  DEBUG     [job:-]  Polling cycle complete: no qualifying jobs
2026-10-01T19:42:25+0530  DEBUG     [job:-]  Polling cycle complete: no qualifying jobs
2026-10-01T19:42:26+0530  DEBUG     [job:-]  Polling cycle complete: no qualifying jobs
2026-10-01T19:42:27+0530  DEBUG     [job:-]  Polling cycle complete: no qualifying jobs
2026-10-01T19:42:31+0530  DEBUG     [job:-]  Polling cycle complete: no qualifying jobs
2026-10-01T19:42:31+0530  DEBUG     [job:-]  Polling cycle complete: no qualifying jobs
2026-10-01T19:42:33+0530  DEBUG     [job:-]  Polling cycle complete: no qualifying jobs
2026-10-01T19:42:36+0530  DEBUG     [job:-]  Polling cycle complete: no qualifying jobs
2026-10-01T19:42:37+0530  DEBUG     [job:-]  Polling cycle complete: no qualifying jobs
2026-10-01T19:42:38+0530  DEBUG     [job:-]  Polling cycle complete: no qualifying jobs
2026-10-01T19:42:42+0530  DEBUG     [job:-]  Polling cycle complete: no qualifying jobs
2026-10-01T19:42:42+0530  DEBUG     [job:-]  Polling cycle complete: no qualifying jobs
2026-10-01T19:42:44+0530  DEBUG     [job:-]  Polling cycle complete: no qualifying jobs
2026-10-01T19:42:48+0530  DEBUG     [job:-]  Polling cycle complete: no qualifying jobs
2026-10-01T19:42:48+0530  DEBUG     [job:-]  Polling cycle complete: no qualifying jobs
2026-10-01T19:42:49+0530  DEBUG     [job:-]  Polling cycle complete: no qualifying jobs
2026-10-01T19:42:53+0530  DEBUG     [job:-]  Polling cycle complete: no qualifying jobs
2026-10-01T19:42:54+0530  DEBUG     [job:-]  Polling cycle complete: no qualifying jobs
2026-10-01T19:42:55+0530  DEBUG     [job:-]  Polling cycle complete: no qualifying jobs
2026-10-01T19:42:59+0530  DEBUG     [job:-]  Polling cycle complete: no qualifying jobs
2026-10-01T19:42:59+0530  DEBUG     [job:-]  Polling cycle complete: no qualifying jobs
2026-10-01T19:43:00+0530  DEBUG     [job:-]  Polling cycle complete: no qualifying jobs
2026-10-01T19:43:04+0530  DEBUG     [job:-]  Polling cycle complete: no qualifying jobs
2026-10-01T19:43:05+0530  DEBUG     [job:-]  Polling cycle complete: no qualifying jobs
2026-10-01T19:43:06+0530  DEBUG     [job:-]  Polling cycle complete: no qualifying jobs
2026-10-01T19:43:10+0530  DEBUG     [job:-]  Polling cycle complete: no qualifying jobs
2026-10-01T19:43:11+0530  DEBUG     [job:-]  Polling cycle complete: no qualifying jobs
2026-10-01T19:43:11+0530  DEBUG     [job:-]  Polling cycle complete: no qualifying jobs
2026-10-01T19:43:15+0530  DEBUG     [job:-]  Polling cycle complete: no qualifying jobs
2026-10-01T19:43:16+0530  DEBUG     [job:-]  Polling cycle complete: no qualifying jobs
2026-10-01T19:43:17+0530  DEBUG     [job:-]  Polling cycle complete: no qualifying jobs
2026-10-01T19:43:21+0530  DEBUG     [job:-]  Polling cycle complete: no qualifying jobs
2026-10-01T19:43:22+0530  DEBUG     [job:-]  Polling cycle complete: no qualifying jobs
2026-10-01T19:43:23+0530  DEBUG     [job:-]  Polling cycle complete: no qualifying jobs
2026-10-01T19:43:27+0530  DEBUG     [job:-]  Polling cycle complete: no qualifying jobs
2026-10-01T19:43:27+0530  DEBUG     [job:-]  Polling cycle complete: no qualifying jobs
2026-10-01T19:43:28+0530  DEBUG     [job:-]  Polling cycle complete: no qualifying jobs
2026-10-01T19:43:32+0530  DEBUG     [job:-]  Polling cycle complete: no qualifying jobs
2026-10-01T19:43:33+0530  DEBUG     [job:-]  Polling cycle complete: no qualifying jobs
2026-10-01T19:43:34+0530  DEBUG     [job:-]  Polling cycle complete: no qualifying jobs
2026-10-01T19:43:38+0530  DEBUG     [job:-]  Polling cycle complete: no qualifying jobs
2026-10-01T19:43:39+0530  DEBUG     [job:-]  Polling cycle complete: no qualifying jobs
2026-10-01T19:43:39+0530  DEBUG     [job:-]  Polling cycle complete: no qualifying jobs
2026-10-01T19:43:43+0530  DEBUG     [job:-]  Polling cycle complete: no qualifying jobs
2026-10-01T19:43:44+0530  DEBUG     [job:-]  Polling cycle complete: no qualifying jobs
2026-10-01T19:43:45+0530  DEBUG     [job:-]  Polling cycle complete: no qualifying jobs
2026-10-01T19:43:49+0530  DEBUG     [job:-]  Polling cycle complete: no qualifying jobs
2026-10-01T19:43:50+0530  DEBUG     [job:-]  Polling cycle complete: no qualifying jobs
2026-10-01T19:43:50+0530  DEBUG     [job:-]  Polling cycle complete: no qualifying jobs
2026-10-01T19:43:54+0530  DEBUG     [job:-]  Polling cycle complete: no qualifying jobs
2026-10-01T19:43:55+0530  DEBUG     [job:-]  Polling cycle complete: no qualifying jobs
2026-10-01T19:43:56+0530  DEBUG     [job:-]  Polling cycle complete: no qualifying jobs
2026-10-01T19:44:00+0530  DEBUG     [job:-]  Polling cycle complete: no qualifying jobs
2026-10-01T19:44:01+0530  DEBUG     [job:-]  Polling cycle complete: no qualifying jobs
2026-10-01T19:44:01+0530  DEBUG     [job:-]  Polling cycle complete: no qualifying jobs
2026-10-01T19:44:05+0530  DEBUG     [job:-]  Polling cycle complete: no qualifying jobs
2026-10-01T19:44:07+0530  DEBUG     [job:-]  Polling cycle complete: no qualifying jobs
2026-10-01T19:44:07+0530  DEBUG     [job:-]  Polling cycle complete: no qualifying jobs
2026-10-01T19:44:12+0530  DEBUG     [job:-]  Polling cycle complete: no qualifying jobs
2026-10-01T19:44:12+0530  DEBUG     [job:-]  Polling cycle complete: no qualifying jobs
2026-10-01T19:44:12+0530  DEBUG     [job:-]  Polling cycle complete: no qualifying jobs
2026-10-01T19:44:17+0530  DEBUG     [job:-]  Polling cycle complete: no qualifying jobs
2026-10-01T19:44:18+0530  DEBUG     [job:-]  Polling cycle complete: no qualifying jobs
2026-10-01T19:44:23+0530  DEBUG     [job:-]  Polling cycle complete: no qualifying jobs
2026-10-01T19:44:24+0530  DEBUG     [job:-]  Polling cycle complete: no qualifying jobs
2026-10-01T19:44:24+0530  DEBUG     [job:-]  Polling cycle complete: no qualifying jobs
2026-10-01T19:44:28+0530  DEBUG     [job:-]  Polling cycle complete: no qualifying jobs
2026-10-01T19:44:29+0530  DEBUG     [job:-]  Polling cycle complete: no qualifying jobs
2026-10-01T19:44:29+0530  DEBUG     [job:-]  Polling cycle complete: no qualifying jobs
2026-10-01T19:44:34+0530  DEBUG     [job:-]  Polling cycle complete: no qualifying jobs
2026-10-01T19:44:35+0530  DEBUG     [job:-]  Polling cycle complete: no qualifying jobs
2026-10-01T19:44:40+0530  DEBUG     [job:-]  Polling cycle complete: no qualifying jobs
2026-10-01T19:44:40+0530  DEBUG     [job:-]  Polling cycle complete: no qualifying jobs
2026-10-01T19:44:40+0530  DEBUG     [job:-]  Polling cycle complete: no qualifying jobs
2026-10-01T19:44:45+0530  DEBUG     [job:-]  Polling cycle complete: no qualifying jobs
2026-10-01T19:44:46+0530  DEBUG     [job:-]  Polling cycle complete: no qualifying jobs
2026-10-01T19:44:46+0530  DEBUG     [job:-]  Polling cycle complete: no qualifying jobs
2026-10-01T19:44:51+0530  DEBUG     [job:-]  Polling cycle complete: no qualifying jobs
2026-10-01T19:44:51+0530  DEBUG     [job:-]  Polling cycle complete: no qualifying jobs
2026-10-01T19:44:56+0530  DEBUG     [job:-]  Polling cycle complete: no qualifying jobs
2026-10-01T19:44:57+0530  DEBUG     [job:-]  Polling cycle complete: no qualifying jobs
2026-10-01T19:44:57+0530  DEBUG     [job:-]  Polling cycle complete: no qualifying jobs
2026-10-01T19:45:02+0530  DEBUG     [job:-]  Polling cycle complete: no qualifying jobs
2026-10-01T19:45:03+0530  DEBUG     [job:-]  Polling cycle complete: no qualifying jobs
2026-10-01T19:45:03+0530  DEBUG     [job:-]  Polling cycle complete: no qualifying jobs
2026-10-01T19:45:07+0530  DEBUG     [job:-]  Polling cycle complete: no qualifying jobs
2026-10-01T19:45:08+0530  DEBUG     [job:-]  Polling cycle complete: no qualifying jobs
2026-10-01T19:45:09+0530  DEBUG     [job:-]  Polling cycle complete: no qualifying jobs
2026-10-01T19:45:13+0530  DEBUG     [job:-]  Polling cycle complete: no qualifying jobs
2026-10-01T19:45:14+0530  DEBUG     [job:-]  Polling cycle complete: no qualifying jobs
2026-10-01T19:45:14+0530  DEBUG     [job:-]  Polling cycle complete: no qualifying jobs
2026-10-01T19:45:19+0530  DEBUG     [job:-]  Polling cycle complete: no qualifying jobs
2026-10-01T19:45:19+0530  DEBUG     [job:-]  Polling cycle complete: no qualifying jobs
2026-10-01T19:45:20+0530  DEBUG     [job:-]  Polling cycle complete: no qualifying jobs
2026-10-01T19:45:24+0530  DEBUG     [job:-]  Polling cycle complete: no qualifying jobs
2026-10-01T19:45:25+0530  DEBUG     [job:-]  Polling cycle complete: no qualifying jobs
2026-10-01T19:45:25+0530  DEBUG     [job:-]  Polling cycle complete: no qualifying jobs
2026-10-01T19:45:30+0530  DEBUG     [job:-]  Polling cycle complete: no qualifying jobs
2026-10-01T19:45:31+0530  DEBUG     [job:-]  Polling cycle complete: no qualifying jobs
2026-10-01T19:45:31+0530  DEBUG     [job:-]  Polling cycle complete: no qualifying jobs
2026-10-01T19:45:35+0530  DEBUG     [job:-]  Polling cycle complete: no qualifying jobs
2026-10-01T19:45:36+0530  DEBUG     [job:-]  Polling cycle complete: no qualifying jobs
2026-10-01T19:45:37+0530  DEBUG     [job:-]  Polling cycle complete: no qualifying jobs
2026-10-01T19:45:41+0530  DEBUG     [job:-]  Polling cycle complete: no qualifying jobs
2026-10-01T19:45:42+0530  DEBUG     [job:-]  Polling cycle complete: no qualifying jobs
2026-10-01T19:45:42+0530  DEBUG     [job:-]  Polling cycle complete: no qualifying jobs
2026-10-01T19:45:47+0530  DEBUG     [job:-]  Polling cycle complete: no qualifying jobs
2026-10-01T19:45:47+0530  DEBUG     [job:-]  Polling cycle complete: no qualifying jobs
2026-10-01T19:45:48+0530  DEBUG     [job:-]  Polling cycle complete: no qualifying jobs
2026-10-01T19:45:52+0530  DEBUG     [job:-]  Polling cycle complete: no qualifying jobs
2026-10-01T19:45:53+0530  DEBUG     [job:-]  Polling cycle complete: no qualifying jobs
2026-10-01T19:45:53+0530  DEBUG     [job:-]  Polling cycle complete: no qualifying jobs
2026-10-01T19:45:58+0530  DEBUG     [job:-]  Polling cycle complete: no qualifying jobs
2026-10-01T19:45:59+0530  DEBUG     [job:-]  Polling cycle complete: no qualifying jobs
2026-10-01T19:45:59+0530  DEBUG     [job:-]  Polling cycle complete: no qualifying jobs
2026-10-01T19:46:03+0530  DEBUG     [job:-]  Polling cycle complete: no qualifying jobs
2026-10-01T19:46:04+0530  DEBUG     [job:-]  Polling cycle complete: no qualifying jobs
2026-10-01T19:46:05+0530  DEBUG     [job:-]  Polling cycle complete: no qualifying jobs
2026-10-01T19:46:09+0530  DEBUG     [job:-]  Polling cycle complete: no qualifying jobs
2026-10-01T19:46:10+0530  DEBUG     [job:-]  Polling cycle complete: no qualifying jobs
2026-10-01T19:46:10+0530  DEBUG     [job:-]  Polling cycle complete: no qualifying jobs
2026-10-01T19:46:14+0530  DEBUG     [job:-]  Polling cycle complete: no qualifying jobs
2026-10-01T19:46:15+0530  DEBUG     [job:-]  Polling cycle complete: no qualifying jobs
2026-10-01T19:46:16+0530  DEBUG     [job:-]  Polling cycle complete: no qualifying jobs
2026-10-01T19:46:20+0530  DEBUG     [job:-]  Polling cycle complete: no qualifying jobs
2026-10-01T19:46:21+0530  DEBUG     [job:-]  Polling cycle complete: no qualifying jobs
2026-10-01T19:46:21+0530  DEBUG     [job:-]  Polling cycle complete: no qualifying jobs
2026-10-01T19:46:26+0530  DEBUG     [job:-]  Polling cycle complete: no qualifying jobs
2026-10-01T19:46:26+0530  DEBUG     [job:-]  Polling cycle complete: no qualifying jobs
2026-10-01T19:46:27+0530  DEBUG     [job:-]  Polling cycle complete: no qualifying jobs
2026-10-01T19:46:31+0530  DEBUG     [job:-]  Polling cycle complete: no qualifying jobs
2026-10-01T19:46:32+0530  DEBUG     [job:-]  Polling cycle complete: no qualifying jobs
2026-10-01T19:46:32+0530  DEBUG     [job:-]  Polling cycle complete: no qualifying jobs
2026-10-01T19:46:37+0530  DEBUG     [job:-]  Polling cycle complete: no qualifying jobs
2026-10-01T19:46:37+0530  DEBUG     [job:-]  Polling cycle complete: no qualifying jobs
2026-10-01T19:46:38+0530  DEBUG     [job:-]  Polling cycle complete: no qualifying jobs
2026-10-01T19:46:43+0530  DEBUG     [job:-]  Polling cycle complete: no qualifying jobs
2026-10-01T19:46:43+0530  DEBUG     [job:-]  Polling cycle complete: no qualifying jobs
2026-10-01T19:46:43+0530  DEBUG     [job:-]  Polling cycle complete: no qualifying jobs
2026-10-01T19:46:48+0530  DEBUG     [job:-]  Polling cycle complete: no qualifying jobs
2026-10-01T19:46:48+0530  DEBUG     [job:-]  Polling cycle complete: no qualifying jobs
2026-10-01T19:46:49+0530  DEBUG     [job:-]  Polling cycle complete: no qualifying jobs
2026-10-01T19:46:54+0530  DEBUG     [job:-]  Polling cycle complete: no qualifying jobs
2026-10-01T19:46:54+0530  DEBUG     [job:-]  Polling cycle complete: no qualifying jobs
2026-10-01T19:46:54+0530  DEBUG     [job:-]  Polling cycle complete: no qualifying jobs
2026-10-01T19:46:59+0530  DEBUG     [job:-]  Polling cycle complete: no qualifying jobs
2026-10-01T19:47:00+0530  DEBUG     [job:-]  Polling cycle complete: no qualifying jobs
2026-10-01T19:47:00+0530  DEBUG     [job:-]  Polling cycle complete: no qualifying jobs
2026-10-01T19:47:05+0530  DEBUG     [job:-]  Polling cycle complete: no qualifying jobs
2026-10-01T19:47:05+0530  DEBUG     [job:-]  Polling cycle complete: no qualifying jobs
2026-10-01T19:47:05+0530  DEBUG     [job:-]  Polling cycle complete: no qualifying jobs
2026-10-01T19:47:10+0530  DEBUG     [job:-]  Polling cycle complete: no qualifying jobs
2026-10-01T19:47:11+0530  DEBUG     [job:-]  Polling cycle complete: no qualifying jobs
2026-10-01T19:47:11+0530  DEBUG     [job:-]  Polling cycle complete: no qualifying jobs
2026-10-01T19:47:16+0530  DEBUG     [job:-]  Polling cycle complete: no qualifying jobs
2026-10-01T19:47:16+0530  DEBUG     [job:-]  Polling cycle complete: no qualifying jobs
2026-10-01T19:47:16+0530  DEBUG     [job:-]  Polling cycle complete: no qualifying jobs
2026-10-01T19:47:21+0530  DEBUG     [job:-]  Polling cycle complete: no qualifying jobs
2026-10-01T19:47:22+0530  DEBUG     [job:-]  Polling cycle complete: no qualifying jobs
2026-10-01T19:47:22+0530  DEBUG     [job:-]  Polling cycle complete: no qualifying jobs
2026-10-01T19:47:27+0530  DEBUG     [job:-]  Polling cycle complete: no qualifying jobs
2026-10-01T19:47:27+0530  DEBUG     [job:-]  Polling cycle complete: no qualifying jobs
2026-10-01T19:47:28+0530  DEBUG     [job:-]  Polling cycle complete: no qualifying jobs
2026-10-01T19:47:32+0530  DEBUG     [job:-]  Polling cycle complete: no qualifying jobs
2026-10-01T19:47:33+0530  DEBUG     [job:-]  Polling cycle complete: no qualifying jobs
2026-10-01T19:47:33+0530  DEBUG     [job:-]  Polling cycle complete: no qualifying jobs
2026-10-01T19:47:38+0530  DEBUG     [job:-]  Polling cycle complete: no qualifying jobs
2026-10-01T19:47:38+0530  DEBUG     [job:-]  Polling cycle complete: no qualifying jobs
2026-10-01T19:47:39+0530  DEBUG     [job:-]  Polling cycle complete: no qualifying jobs
2026-10-01T19:47:43+0530  DEBUG     [job:-]  Polling cycle complete: no qualifying jobs
2026-10-01T19:47:44+0530  DEBUG     [job:-]  Polling cycle complete: no qualifying jobs
2026-10-01T19:47:44+0530  DEBUG     [job:-]  Polling cycle complete: no qualifying jobs
2026-10-01T19:47:49+0530  DEBUG     [job:-]  Polling cycle complete: no qualifying jobs
2026-10-01T19:47:50+0530  DEBUG     [job:-]  Polling cycle complete: no qualifying jobs
2026-10-01T19:47:50+0530  DEBUG     [job:-]  Polling cycle complete: no qualifying jobs
2026-10-01T19:47:54+0530  DEBUG     [job:-]  Polling cycle complete: no qualifying jobs
2026-10-01T19:47:55+0530  DEBUG     [job:-]  Polling cycle complete: no qualifying jobs
2026-10-01T19:47:55+0530  DEBUG     [job:-]  Polling cycle complete: no qualifying jobs
2026-10-01T19:48:00+0530  DEBUG     [job:-]  Polling cycle complete: no qualifying jobs
2026-10-01T19:48:01+0530  DEBUG     [job:-]  Polling cycle complete: no qualifying jobs
2026-10-01T19:48:01+0530  DEBUG     [job:-]  Polling cycle complete: no qualifying jobs
2026-10-01T19:48:06+0530  DEBUG     [job:-]  Polling cycle complete: no qualifying jobs
2026-10-01T19:48:06+0530  DEBUG     [job:-]  Polling cycle complete: no qualifying jobs
2026-10-01T19:48:07+0530  DEBUG     [job:-]  Polling cycle complete: no qualifying jobs
2026-10-01T19:48:11+0530  DEBUG     [job:-]  Polling cycle complete: no qualifying jobs
2026-10-01T19:48:12+0530  DEBUG     [job:-]  Polling cycle complete: no qualifying jobs
2026-10-01T19:48:12+0530  DEBUG     [job:-]  Polling cycle complete: no qualifying jobs
2026-10-01T19:48:17+0530  DEBUG     [job:-]  Polling cycle complete: no qualifying jobs
2026-10-01T19:48:17+0530  DEBUG     [job:-]  Polling cycle complete: no qualifying jobs
2026-10-01T19:48:18+0530  DEBUG     [job:-]  Polling cycle complete: no qualifying jobs
2026-10-01T19:48:22+0530  DEBUG     [job:-]  Polling cycle complete: no qualifying jobs
2026-10-01T19:48:23+0530  DEBUG     [job:-]  Polling cycle complete: no qualifying jobs
2026-10-01T19:48:23+0530  DEBUG     [job:-]  Polling cycle complete: no qualifying jobs
2026-10-01T19:48:28+0530  DEBUG     [job:-]  Polling cycle complete: no qualifying jobs
2026-10-01T19:48:28+0530  DEBUG     [job:-]  Polling cycle complete: no qualifying jobs
2026-10-01T19:48:29+0530  DEBUG     [job:-]  Polling cycle complete: no qualifying jobs
2026-10-01T19:48:33+0530  DEBUG     [job:-]  Polling cycle complete: no qualifying jobs
2026-10-01T19:48:34+0530  DEBUG     [job:-]  Polling cycle complete: no qualifying jobs
2026-10-01T19:48:34+0530  DEBUG     [job:-]  Polling cycle complete: no qualifying jobs
2026-10-01T19:48:39+0530  DEBUG     [job:-]  Polling cycle complete: no qualifying jobs
2026-10-01T19:48:39+0530  DEBUG     [job:-]  Polling cycle complete: no qualifying jobs
2026-10-01T19:48:40+0530  DEBUG     [job:-]  Polling cycle complete: no qualifying jobs
2026-10-01T19:48:44+0530  DEBUG     [job:-]  Polling cycle complete: no qualifying jobs
2026-10-01T19:48:45+0530  DEBUG     [job:-]  Polling cycle complete: no qualifying jobs
2026-10-01T19:48:45+0530  DEBUG     [job:-]  Polling cycle complete: no qualifying jobs
2026-10-01T19:48:50+0530  DEBUG     [job:-]  Polling cycle complete: no qualifying jobs
2026-10-01T19:48:50+0530  DEBUG     [job:-]  Polling cycle complete: no qualifying jobs
2026-10-01T19:48:51+0530  DEBUG     [job:-]  Polling cycle complete: no qualifying jobs
2026-10-01T19:48:56+0530  DEBUG     [job:-]  Polling cycle complete: no qualifying jobs
2026-10-01T19:48:56+0530  DEBUG     [job:-]  Polling cycle complete: no qualifying jobs
2026-10-01T19:48:56+0530  DEBUG     [job:-]  Polling cycle complete: no qualifying jobs
2026-10-01T19:49:01+0530  DEBUG     [job:-]  Polling cycle complete: no qualifying jobs
2026-10-01T19:49:01+0530  DEBUG     [job:-]  Polling cycle complete: no qualifying jobs
2026-10-01T19:49:02+0530  DEBUG     [job:-]  Polling cycle complete: no qualifying jobs
2026-10-01T19:49:07+0530  DEBUG     [job:-]  Polling cycle complete: no qualifying jobs
2026-10-01T19:49:07+0530  DEBUG     [job:-]  Polling cycle complete: no qualifying jobs
2026-10-01T19:49:07+0530  DEBUG     [job:-]  Polling cycle complete: no qualifying jobs
2026-10-01T19:49:12+0530  DEBUG     [job:-]  Polling cycle complete: no qualifying jobs
2026-10-01T19:49:12+0530  DEBUG     [job:-]  Polling cycle complete: no qualifying jobs
2026-10-01T19:49:13+0530  DEBUG     [job:-]  Polling cycle complete: no qualifying jobs
2026-10-01T19:49:18+0530  DEBUG     [job:-]  Polling cycle complete: no qualifying jobs
2026-10-01T19:49:18+0530  DEBUG     [job:-]  Polling cycle complete: no qualifying jobs
2026-10-01T19:49:18+0530  DEBUG     [job:-]  Polling cycle complete: no qualifying jobs
2026-10-01T19:49:23+0530  DEBUG     [job:-]  Polling cycle complete: no qualifying jobs
2026-10-01T19:49:23+0530  DEBUG     [job:-]  Polling cycle complete: no qualifying jobs
2026-10-01T19:49:24+0530  DEBUG     [job:-]  Polling cycle complete: no qualifying jobs
2026-10-01T19:49:28+0530  DEBUG     [job:-]  Polling cycle complete: no qualifying jobs
2026-10-01T19:49:29+0530  DEBUG     [job:-]  Polling cycle complete: no qualifying jobs
2026-10-01T19:49:29+0530  DEBUG     [job:-]  Polling cycle complete: no qualifying jobs
2026-10-01T19:49:34+0530  DEBUG     [job:-]  Polling cycle complete: no qualifying jobs
2026-10-01T19:49:34+0530  DEBUG     [job:-]  Polling cycle complete: no qualifying jobs
2026-10-01T19:49:35+0530  DEBUG     [job:-]  Polling cycle complete: no qualifying jobs
2026-10-01T19:49:40+0530  DEBUG     [job:-]  Polling cycle complete: no qualifying jobs
2026-10-01T19:49:40+0530  DEBUG     [job:-]  Polling cycle complete: no qualifying jobs
2026-10-01T19:49:40+0530  DEBUG     [job:-]  Polling cycle complete: no qualifying jobs
2026-10-01T19:49:45+0530  DEBUG     [job:-]  Polling cycle complete: no qualifying jobs
2026-10-01T19:49:46+0530  DEBUG     [job:-]  Polling cycle complete: no qualifying jobs
2026-10-01T19:49:46+0530  DEBUG     [job:-]  Polling cycle complete: no qualifying jobs
2026-10-01T19:49:51+0530  DEBUG     [job:-]  Polling cycle complete: no qualifying jobs
2026-10-01T19:49:51+0530  DEBUG     [job:-]  Polling cycle complete: no qualifying jobs
2026-10-01T19:49:51+0530  DEBUG     [job:-]  Polling cycle complete: no qualifying jobs
2026-10-01T19:49:56+0530  DEBUG     [job:-]  Polling cycle complete: no qualifying jobs
2026-10-01T19:49:57+0530  DEBUG     [job:-]  Polling cycle complete: no qualifying jobs
2026-10-01T19:49:57+0530  DEBUG     [job:-]  Polling cycle complete: no qualifying jobs
2026-10-01T19:50:02+0530  DEBUG     [job:-]  Polling cycle complete: no qualifying jobs
2026-10-01T19:50:02+0530  DEBUG     [job:-]  Polling cycle complete: no qualifying jobs
2026-10-01T19:50:02+0530  DEBUG     [job:-]  Polling cycle complete: no qualifying jobs
2026-10-01T19:50:07+0530  DEBUG     [job:-]  Polling cycle complete: no qualifying jobs
2026-10-01T19:50:08+0530  DEBUG     [job:-]  Polling cycle complete: no qualifying jobs
2026-10-01T19:50:08+0530  DEBUG     [job:-]  Polling cycle complete: no qualifying jobs
2026-10-01T19:50:13+0530  DEBUG     [job:-]  Polling cycle complete: no qualifying jobs
2026-10-01T19:50:13+0530  DEBUG     [job:-]  Polling cycle complete: no qualifying jobs
2026-10-01T19:50:13+0530  DEBUG     [job:-]  Polling cycle complete: no qualifying jobs
2026-10-01T19:50:18+0530  DEBUG     [job:-]  Polling cycle complete: no qualifying jobs
2026-10-01T19:50:19+0530  DEBUG     [job:-]  Polling cycle complete: no qualifying jobs
2026-10-01T19:50:19+0530  DEBUG     [job:-]  Polling cycle complete: no qualifying jobs
2026-10-01T19:50:24+0530  DEBUG     [job:-]  Polling cycle complete: no qualifying jobs
2026-10-01T19:50:24+0530  DEBUG     [job:-]  Polling cycle complete: no qualifying jobs
2026-10-01T19:50:24+0530  DEBUG     [job:-]  Polling cycle complete: no qualifying jobs
2026-10-01T19:50:30+0530  DEBUG     [job:-]  Polling cycle complete: no qualifying jobs
2026-10-01T19:50:30+0530  DEBUG     [job:-]  Polling cycle complete: no qualifying jobs
2026-10-01T19:50:30+0530  DEBUG     [job:-]  Polling cycle complete: no qualifying jobs
2026-10-01T19:50:35+0530  DEBUG     [job:-]  Polling cycle complete: no qualifying jobs
2026-10-01T19:50:35+0530  DEBUG     [job:-]  Polling cycle complete: no qualifying jobs
2026-10-01T19:50:35+0530  DEBUG     [job:-]  Polling cycle complete: no qualifying jobs
2026-10-01T19:50:41+0530  DEBUG     [job:-]  Polling cycle complete: no qualifying jobs
2026-10-01T19:50:41+0530  DEBUG     [job:-]  Polling cycle complete: no qualifying jobs
2026-10-01T19:50:41+0530  DEBUG     [job:-]  Polling cycle complete: no qualifying jobs
2026-10-01T19:50:46+0530  DEBUG     [job:-]  Polling cycle complete: no qualifying jobs
2026-10-01T19:50:46+0530  DEBUG     [job:-]  Polling cycle complete: no qualifying jobs
2026-10-01T19:50:47+0530  DEBUG     [job:-]  Polling cycle complete: no qualifying jobs
2026-10-01T19:50:52+0530  DEBUG     [job:-]  Polling cycle complete: no qualifying jobs
2026-10-01T19:50:52+0530  DEBUG     [job:-]  Polling cycle complete: no qualifying jobs
2026-10-01T19:50:52+0530  DEBUG     [job:-]  Polling cycle complete: no qualifying jobs
2026-10-01T19:50:57+0530  DEBUG     [job:-]  Polling cycle complete: no qualifying jobs
2026-10-01T19:50:57+0530  DEBUG     [job:-]  Polling cycle complete: no qualifying jobs
2026-10-01T19:50:58+0530  DEBUG     [job:-]  Polling cycle complete: no qualifying jobs
2026-10-01T19:51:03+0530  DEBUG     [job:-]  Polling cycle complete: no qualifying jobs
2026-10-01T19:51:03+0530  DEBUG     [job:-]  Polling cycle complete: no qualifying jobs
2026-10-01T19:51:03+0530  DEBUG     [job:-]  Polling cycle complete: no qualifying jobs
2026-10-01T19:51:08+0530  DEBUG     [job:-]  Polling cycle complete: no qualifying jobs
2026-10-01T19:51:09+0530  DEBUG     [job:-]  Polling cycle complete: no qualifying jobs
2026-10-01T19:51:09+0530  DEBUG     [job:-]  Polling cycle complete: no qualifying jobs
2026-10-01T19:51:14+0530  DEBUG     [job:-]  Polling cycle complete: no qualifying jobs
2026-10-01T19:51:14+0530  DEBUG     [job:-]  Polling cycle complete: no qualifying jobs
2026-10-01T19:51:15+0530  DEBUG     [job:-]  Polling cycle complete: no qualifying jobs
2026-10-01T19:51:20+0530  DEBUG     [job:-]  Polling cycle complete: no qualifying jobs
2026-10-01T19:51:20+0530  DEBUG     [job:-]  Polling cycle complete: no qualifying jobs
2026-10-01T19:51:20+0530  DEBUG     [job:-]  Polling cycle complete: no qualifying jobs
2026-10-01T19:51:25+0530  DEBUG     [job:-]  Polling cycle complete: no qualifying jobs
2026-10-01T19:51:25+0530  DEBUG     [job:-]  Polling cycle complete: no qualifying jobs
2026-10-01T19:51:26+0530  DEBUG     [job:-]  Polling cycle complete: no qualifying jobs
2026-10-01T19:51:31+0530  DEBUG     [job:-]  Polling cycle complete: no qualifying jobs
2026-10-01T19:51:31+0530  DEBUG     [job:-]  Polling cycle complete: no qualifying jobs
2026-10-01T19:51:31+0530  DEBUG     [job:-]  Polling cycle complete: no qualifying jobs
2026-10-01T19:51:37+0530  DEBUG     [job:-]  Polling cycle complete: no qualifying jobs
2026-10-01T19:51:37+0530  DEBUG     [job:-]  Polling cycle complete: no qualifying jobs
2026-10-01T19:51:42+0530  DEBUG     [job:-]  Polling cycle complete: no qualifying jobs
2026-10-01T19:51:42+0530  DEBUG     [job:-]  Polling cycle complete: no qualifying jobs
2026-10-01T19:51:42+0530  DEBUG     [job:-]  Polling cycle complete: no qualifying jobs
2026-10-01T19:51:48+0530  DEBUG     [job:-]  Polling cycle complete: no qualifying jobs
2026-10-01T19:51:48+0530  DEBUG     [job:-]  Polling cycle complete: no qualifying jobs
2026-10-01T19:51:48+0530  DEBUG     [job:-]  Polling cycle complete: no qualifying jobs
2026-10-01T19:51:53+0530  DEBUG     [job:-]  Polling cycle complete: no qualifying jobs
2026-10-01T19:51:53+0530  DEBUG     [job:-]  Polling cycle complete: no qualifying jobs
2026-10-01T19:51:54+0530  DEBUG     [job:-]  Polling cycle complete: no qualifying jobs
2026-10-01T19:51:59+0530  DEBUG     [job:-]  Polling cycle complete: no qualifying jobs
2026-10-01T19:51:59+0530  DEBUG     [job:-]  Polling cycle complete: no qualifying jobs
2026-10-01T19:51:59+0530  DEBUG     [job:-]  Polling cycle complete: no qualifying jobs
2026-10-01T19:52:04+0530  DEBUG     [job:-]  Polling cycle complete: no qualifying jobs
2026-10-01T19:52:05+0530  DEBUG     [job:-]  Polling cycle complete: no qualifying jobs
2026-10-01T19:52:05+0530  DEBUG     [job:-]  Polling cycle complete: no qualifying jobs
2026-10-01T19:52:10+0530  DEBUG     [job:-]  Polling cycle complete: no qualifying jobs
2026-10-01T19:52:11+0530  DEBUG     [job:-]  Polling cycle complete: no qualifying jobs
2026-10-01T19:52:11+0530  DEBUG     [job:-]  Polling cycle complete: no qualifying jobs
2026-10-01T19:52:16+0530  DEBUG     [job:-]  Polling cycle complete: no qualifying jobs
2026-10-01T19:52:16+0530  DEBUG     [job:-]  Polling cycle complete: no qualifying jobs
2026-10-01T19:52:16+0530  DEBUG     [job:-]  Polling cycle complete: no qualifying jobs
2026-10-01T19:52:21+0530  DEBUG     [job:-]  Polling cycle complete: no qualifying jobs
2026-10-01T19:52:22+0530  DEBUG     [job:-]  Polling cycle complete: no qualifying jobs
2026-10-01T19:52:22+0530  DEBUG     [job:-]  Polling cycle complete: no qualifying jobs
2026-10-01T19:52:27+0530  DEBUG     [job:-]  Polling cycle complete: no qualifying jobs
2026-10-01T19:52:27+0530  DEBUG     [job:-]  Polling cycle complete: no qualifying jobs
2026-10-01T19:52:27+0530  DEBUG     [job:-]  Polling cycle complete: no qualifying jobs
2026-10-01T19:52:32+0530  DEBUG     [job:-]  Polling cycle complete: no qualifying jobs
2026-10-01T19:52:33+0530  DEBUG     [job:-]  Polling cycle complete: no qualifying jobs
2026-10-01T19:52:38+0530  DEBUG     [job:-]  Polling cycle complete: no qualifying jobs
2026-10-01T19:52:38+0530  DEBUG     [job:-]  Polling cycle complete: no qualifying jobs
2026-10-01T19:52:38+0530  DEBUG     [job:-]  Polling cycle complete: no qualifying jobs
2026-10-01T19:52:43+0530  DEBUG     [job:-]  Polling cycle complete: no qualifying jobs
2026-10-01T19:52:44+0530  DEBUG     [job:-]  Polling cycle complete: no qualifying jobs
2026-10-01T19:52:44+0530  DEBUG     [job:-]  Polling cycle complete: no qualifying jobs
2026-10-01T19:52:49+0530  DEBUG     [job:-]  Polling cycle complete: no qualifying jobs
2026-10-01T19:52:49+0530  DEBUG     [job:-]  Polling cycle complete: no qualifying jobs
2026-10-01T19:52:49+0530  DEBUG     [job:-]  Polling cycle complete: no qualifying jobs
2026-10-01T19:52:55+0530  DEBUG     [job:-]  Polling cycle complete: no qualifying jobs
2026-10-01T19:52:56+0530  DEBUG     [job:-]  Polling cycle complete: no qualifying jobs
2026-10-01T19:52:56+0530  DEBUG     [job:-]  Polling cycle complete: no qualifying jobs
2026-10-01T19:53:00+0530  DEBUG     [job:-]  Polling cycle complete: no qualifying jobs
2026-10-01T19:53:02+0530  DEBUG     [job:-]  Polling cycle complete: no qualifying jobs
2026-10-01T19:53:02+0530  DEBUG     [job:-]  Polling cycle complete: no qualifying jobs
2026-10-01T19:53:06+0530  DEBUG     [job:-]  Polling cycle complete: no qualifying jobs
2026-10-01T19:53:07+0530  DEBUG     [job:-]  Polling cycle complete: no qualifying jobs
2026-10-01T19:53:07+0530  DEBUG     [job:-]  Polling cycle complete: no qualifying jobs
2026-10-01T19:53:11+0530  DEBUG     [job:-]  Polling cycle complete: no qualifying jobs
2026-10-01T19:53:13+0530  DEBUG     [job:-]  Polling cycle complete: no qualifying jobs
2026-10-01T19:53:13+0530  DEBUG     [job:-]  Polling cycle complete: no qualifying jobs
2026-10-01T19:53:17+0530  DEBUG     [job:-]  Polling cycle complete: no qualifying jobs
2026-10-01T19:53:18+0530  DEBUG     [job:-]  Polling cycle complete: no qualifying jobs
2026-10-01T19:53:18+0530  DEBUG     [job:-]  Polling cycle complete: no qualifying jobs
2026-10-01T19:53:23+0530  DEBUG     [job:-]  Polling cycle complete: no qualifying jobs
2026-10-01T19:53:23+0530  DEBUG     [job:-]  Polling cycle complete: no qualifying jobs
2026-10-01T19:53:24+0530  DEBUG     [job:-]  Polling cycle complete: no qualifying jobs
2026-10-01T19:53:28+0530  DEBUG     [job:-]  Polling cycle complete: no qualifying jobs
2026-10-01T19:53:29+0530  DEBUG     [job:-]  Polling cycle complete: no qualifying jobs
2026-10-01T19:53:29+0530  DEBUG     [job:-]  Polling cycle complete: no qualifying jobs
2026-10-01T19:53:34+0530  DEBUG     [job:-]  Polling cycle complete: no qualifying jobs
2026-10-01T19:53:34+0530  DEBUG     [job:-]  Polling cycle complete: no qualifying jobs
2026-10-01T19:53:35+0530  DEBUG     [job:-]  Polling cycle complete: no qualifying jobs
2026-10-01T19:53:39+0530  DEBUG     [job:-]  Polling cycle complete: no qualifying jobs
2026-10-01T19:53:40+0530  DEBUG     [job:-]  Polling cycle complete: no qualifying jobs
2026-10-01T19:53:40+0530  DEBUG     [job:-]  Polling cycle complete: no qualifying jobs
2026-10-01T19:53:45+0530  DEBUG     [job:-]  Polling cycle complete: no qualifying jobs
2026-10-01T19:53:45+0530  DEBUG     [job:-]  Polling cycle complete: no qualifying jobs
2026-10-01T19:53:46+0530  DEBUG     [job:-]  Polling cycle complete: no qualifying jobs
2026-10-01T19:53:50+0530  DEBUG     [job:-]  Polling cycle complete: no qualifying jobs
2026-10-01T19:53:51+0530  DEBUG     [job:-]  Polling cycle complete: no qualifying jobs
2026-10-01T19:53:51+0530  DEBUG     [job:-]  Polling cycle complete: no qualifying jobs
2026-10-01T19:53:56+0530  DEBUG     [job:-]  Polling cycle complete: no qualifying jobs
2026-10-01T19:53:57+0530  DEBUG     [job:-]  Polling cycle complete: no qualifying jobs
2026-10-01T19:53:57+0530  DEBUG     [job:-]  Polling cycle complete: no qualifying jobs
2026-10-01T19:54:01+0530  DEBUG     [job:-]  Polling cycle complete: no qualifying jobs
2026-10-01T19:54:02+0530  DEBUG     [job:-]  Polling cycle complete: no qualifying jobs
2026-10-01T19:54:02+0530  DEBUG     [job:-]  Polling cycle complete: no qualifying jobs
2026-10-01T19:54:07+0530  DEBUG     [job:-]  Polling cycle complete: no qualifying jobs
2026-10-01T19:54:08+0530  DEBUG     [job:-]  Polling cycle complete: no qualifying jobs
2026-10-01T19:54:08+0530  DEBUG     [job:-]  Polling cycle complete: no qualifying jobs
2026-10-01T19:54:12+0530  DEBUG     [job:-]  Polling cycle complete: no qualifying jobs
2026-10-01T19:54:13+0530  DEBUG     [job:-]  Polling cycle complete: no qualifying jobs
2026-10-01T19:54:13+0530  DEBUG     [job:-]  Polling cycle complete: no qualifying jobs
2026-10-01T19:54:18+0530  DEBUG     [job:-]  Polling cycle complete: no qualifying jobs
2026-10-01T19:54:19+0530  DEBUG     [job:-]  Polling cycle complete: no qualifying jobs
2026-10-01T19:54:19+0530  DEBUG     [job:-]  Polling cycle complete: no qualifying jobs
2026-10-01T19:54:23+0530  DEBUG     [job:-]  Polling cycle complete: no qualifying jobs
2026-10-01T19:54:24+0530  DEBUG     [job:-]  Polling cycle complete: no qualifying jobs
2026-10-01T19:54:24+0530  DEBUG     [job:-]  Polling cycle complete: no qualifying jobs
2026-10-01T19:54:29+0530  DEBUG     [job:-]  Polling cycle complete: no qualifying jobs
2026-10-01T19:54:30+0530  DEBUG     [job:-]  Polling cycle complete: no qualifying jobs
2026-10-01T19:54:30+0530  DEBUG     [job:-]  Polling cycle complete: no qualifying jobs
2026-10-01T19:54:34+0530  DEBUG     [job:-]  Polling cycle complete: no qualifying jobs
2026-10-01T19:54:35+0530  DEBUG     [job:-]  Polling cycle complete: no qualifying jobs
2026-10-01T19:54:35+0530  DEBUG     [job:-]  Polling cycle complete: no qualifying jobs
2026-10-01T19:54:40+0530  DEBUG     [job:-]  Polling cycle complete: no qualifying jobs
2026-10-01T19:54:41+0530  DEBUG     [job:-]  Polling cycle complete: no qualifying jobs
2026-10-01T19:54:41+0530  DEBUG     [job:-]  Polling cycle complete: no qualifying jobs
2026-10-01T19:54:45+0530  DEBUG     [job:-]  Polling cycle complete: no qualifying jobs
2026-10-01T19:54:46+0530  DEBUG     [job:-]  Polling cycle complete: no qualifying jobs
2026-10-01T19:54:51+0530  DEBUG     [job:-]  Polling cycle complete: no qualifying jobs
2026-10-01T19:54:52+0530  DEBUG     [job:-]  Polling cycle complete: no qualifying jobs
2026-10-01T19:54:52+0530  DEBUG     [job:-]  Polling cycle complete: no qualifying jobs
2026-10-01T19:54:57+0530  DEBUG     [job:-]  Polling cycle complete: no qualifying jobs
2026-10-01T19:54:57+0530  DEBUG     [job:-]  Polling cycle complete: no qualifying jobs
2026-10-01T19:54:57+0530  DEBUG     [job:-]  Polling cycle complete: no qualifying jobs
2026-10-01T19:55:02+0530  DEBUG     [job:-]  Polling cycle complete: no qualifying jobs
2026-10-01T19:55:03+0530  DEBUG     [job:-]  Polling cycle complete: no qualifying jobs
2026-10-01T19:55:03+0530  DEBUG     [job:-]  Polling cycle complete: no qualifying jobs
2026-10-01T19:55:08+0530  DEBUG     [job:-]  Polling cycle complete: no qualifying jobs
2026-10-01T19:55:09+0530  DEBUG     [job:-]  Polling cycle complete: no qualifying jobs
2026-10-01T19:55:09+0530  DEBUG     [job:-]  Polling cycle complete: no qualifying jobs
2026-10-01T19:55:13+0530  DEBUG     [job:-]  Polling cycle complete: no qualifying jobs
2026-10-01T19:55:14+0530  DEBUG     [job:-]  Polling cycle complete: no qualifying jobs
2026-10-01T19:55:14+0530  DEBUG     [job:-]  Polling cycle complete: no qualifying jobs
2026-10-01T19:55:19+0530  DEBUG     [job:-]  Polling cycle complete: no qualifying jobs
2026-10-01T19:55:20+0530  DEBUG     [job:-]  Polling cycle complete: no qualifying jobs
2026-10-01T19:55:20+0530  DEBUG     [job:-]  Polling cycle complete: no qualifying jobs
2026-10-01T19:55:24+0530  DEBUG     [job:-]  Polling cycle complete: no qualifying jobs
2026-10-01T19:55:25+0530  DEBUG     [job:-]  Polling cycle complete: no qualifying jobs
2026-10-01T19:55:26+0530  DEBUG     [job:-]  Polling cycle complete: no qualifying jobs
2026-10-01T19:55:30+0530  DEBUG     [job:-]  Polling cycle complete: no qualifying jobs
2026-10-01T19:55:31+0530  DEBUG     [job:-]  Polling cycle complete: no qualifying jobs
2026-10-01T19:55:31+0530  DEBUG     [job:-]  Polling cycle complete: no qualifying jobs
2026-10-01T19:55:35+0530  DEBUG     [job:-]  Polling cycle complete: no qualifying jobs
2026-10-01T19:55:36+0530  DEBUG     [job:-]  Polling cycle complete: no qualifying jobs
2026-10-01T19:55:37+0530  DEBUG     [job:-]  Polling cycle complete: no qualifying jobs
2026-10-01T19:55:41+0530  DEBUG     [job:-]  Polling cycle complete: no qualifying jobs
2026-10-01T19:55:42+0530  DEBUG     [job:-]  Polling cycle complete: no qualifying jobs
2026-10-01T19:55:43+0530  DEBUG     [job:-]  Polling cycle complete: no qualifying jobs
2026-10-01T19:55:47+0530  DEBUG     [job:-]  Polling cycle complete: no qualifying jobs
2026-10-01T19:55:47+0530  DEBUG     [job:-]  Polling cycle complete: no qualifying jobs
2026-10-01T19:55:48+0530  DEBUG     [job:-]  Polling cycle complete: no qualifying jobs
2026-10-01T19:55:52+0530  DEBUG     [job:-]  Polling cycle complete: no qualifying jobs
2026-10-01T19:55:53+0530  DEBUG     [job:-]  Polling cycle complete: no qualifying jobs
2026-10-01T19:55:54+0530  DEBUG     [job:-]  Polling cycle complete: no qualifying jobs
2026-10-01T19:55:58+0530  DEBUG     [job:-]  Polling cycle complete: no qualifying jobs
2026-10-01T19:55:58+0530  DEBUG     [job:-]  Polling cycle complete: no qualifying jobs
2026-10-01T19:55:59+0530  DEBUG     [job:-]  Polling cycle complete: no qualifying jobs
2026-10-01T19:56:03+0530  DEBUG     [job:-]  Polling cycle complete: no qualifying jobs
2026-10-01T19:56:04+0530  DEBUG     [job:-]  Polling cycle complete: no qualifying jobs
2026-10-01T19:56:05+0530  DEBUG     [job:-]  Polling cycle complete: no qualifying jobs
2026-10-01T19:56:09+0530  DEBUG     [job:-]  Polling cycle complete: no qualifying jobs
2026-10-01T19:56:10+0530  DEBUG     [job:-]  Polling cycle complete: no qualifying jobs
2026-10-01T19:56:10+0530  DEBUG     [job:-]  Polling cycle complete: no qualifying jobs
2026-10-01T19:56:14+0530  DEBUG     [job:-]  Polling cycle complete: no qualifying jobs
2026-10-01T19:56:15+0530  DEBUG     [job:-]  Polling cycle complete: no qualifying jobs
2026-10-01T19:56:16+0530  DEBUG     [job:-]  Polling cycle complete: no qualifying jobs
2026-10-01T19:56:20+0530  DEBUG     [job:-]  Polling cycle complete: no qualifying jobs
2026-10-01T19:56:21+0530  DEBUG     [job:-]  Polling cycle complete: no qualifying jobs
2026-10-01T19:56:21+0530  DEBUG     [job:-]  Polling cycle complete: no qualifying jobs
2026-10-01T19:56:25+0530  DEBUG     [job:-]  Polling cycle complete: no qualifying jobs
2026-10-01T19:56:26+0530  DEBUG     [job:-]  Polling cycle complete: no qualifying jobs
2026-10-01T19:56:27+0530  DEBUG     [job:-]  Polling cycle complete: no qualifying jobs
2026-10-01T19:56:31+0530  DEBUG     [job:-]  Polling cycle complete: no qualifying jobs
2026-10-01T19:56:32+0530  DEBUG     [job:-]  Polling cycle complete: no qualifying jobs
2026-10-01T19:56:32+0530  DEBUG     [job:-]  Polling cycle complete: no qualifying jobs
2026-10-01T19:56:36+0530  DEBUG     [job:-]  Polling cycle complete: no qualifying jobs
2026-10-01T19:56:37+0530  DEBUG     [job:-]  Polling cycle complete: no qualifying jobs
2026-10-01T19:56:38+0530  DEBUG     [job:-]  Polling cycle complete: no qualifying jobs
2026-10-01T19:56:42+0530  DEBUG     [job:-]  Polling cycle complete: no qualifying jobs
2026-10-01T19:56:43+0530  DEBUG     [job:-]  Polling cycle complete: no qualifying jobs
2026-10-01T19:56:44+0530  DEBUG     [job:-]  Polling cycle complete: no qualifying jobs
